Mean,Median,StdDev,Variance,RMS,Max,Skewness,Kurtosis,FileName
-0.006870027,-0.002477372,0.025704277,0.00066071,0.026605009,0.08264691,0.066856042,-0.277487728,1000_FGBSBOTHFB
-0.006718709,-0.002146763,0.025753578,0.000663247,0.026614035,0.08339826,0.055893049,-0.324596826,1000_FGBSBOTHFB
-0.006833555,-0.002375422,0.02591609,0.000671644,0.026800359,0.08317443,0.062748326,-0.306288558,1000_FGBSBOTHFB
-0.0065228,-0.001926918,0.025871001,0.000669309,0.026679091,0.08392692,0.058378347,-0.30258281,1000_FGBSBOTHFB
-0.006088462,-0.001716719,0.025892308,0.000670412,0.026596976,0.08678012,0.065410449,-0.29795924,1000_FGBSBOTHFB
-0.005988584,-0.001489374,0.025902581,0.000670944,0.026584298,0.08621258,0.051604268,-0.290020116,1000_FGBSBOTHFB
-0.006056438,-0.001179215,0.025790088,0.000665129,0.026490147,0.08233761,0.051924703,-0.314606412,1000_FGBSBOTHFB
-0.006253807,-0.001611823,0.025626907,0.000656738,0.02637742,0.08979551,0.061775166,-0.276272243,1000_FGBSBOTHFB
-0.006529569,-0.001859712,0.025621912,0.000656482,0.026439317,0.08678581,0.055304688,-0.297449628,1000_FGBSBOTHFB
-0.006060354,-0.001612611,0.025845841,0.000668008,0.026545317,0.08351735,0.050232321,-0.32866537,1000_FGBSBOTHFB
-0.005799053,-0.001340069,0.02589385,0.000670491,0.026533727,0.08871688,0.059422538,-0.289619701,1000_FGBSBOTHFB
-0.005886889,-0.001313237,0.025926564,0.000672187,0.026584961,0.08781127,0.063018987,-0.29126095,1000_FGBSBOTHFB
-0.005952791,-0.001208662,0.025872167,0.000669369,0.026546621,0.08364848,0.06762959,-0.297668984,1000_FGBSBOTHFB
-0.005312792,-0.000568857,0.025890312,0.000670308,0.026428246,0.08751348,0.066586482,-0.287654934,1000_FGBSBOTHFB
-0.005705668,-0.00112464,0.025920773,0.000671886,0.026539765,0.08492388,0.072040284,-0.290821788,1000_FGBSBOTHFB
-0.006294491,-0.001758006,0.025818342,0.000666587,0.026573032,0.08516885,0.069997668,-0.266569624,1000_FGBSBOTHFB
-0.006451088,-0.001784235,0.02586658,0.00066908,0.02665736,0.08484279,0.058443209,-0.296852468,1000_FGBSBOTHFB
-0.006227546,-0.001530458,0.025885351,0.000670051,0.026622396,0.0880458,0.050786861,-0.307963321,1000_FGBSBOTHFB
-0.005898409,-0.00107951,0.025984058,0.000675171,0.026643575,0.09231029,0.05944179,-0.302752147,1000_FGBSBOTHFB
-0.005904854,-0.001395218,0.025938053,0.000672783,0.026600146,0.08328933,0.061442213,-0.320321451,1000_FGBSBOTHFB
-0.006290451,-0.001770055,0.025926974,0.000672208,0.026677625,0.08446302,0.06589435,-0.300610612,1000_FGBSBOTHFB
-0.006165003,-0.001395468,0.025918211,0.000671754,0.026639799,0.08611033,0.057509683,-0.292673819,1000_FGBSBOTHFB
-0.005907214,-0.00117039,0.025896458,0.000670627,0.026560118,0.08283034,0.047722454,-0.325675129,1000_FGBSBOTHFB
-0.006180792,-0.001426464,0.025901874,0.000670907,0.026627568,0.08383188,0.060954431,-0.297253114,1000_FGBSBOTHFB
-0.006712185,-0.002035209,0.025965726,0.000674219,0.026817719,0.08413143,0.069685473,-0.294830216,1000_FGBSBOTHFB
-0.006878644,-0.002313184,0.025804147,0.000665854,0.026703716,0.08659194,0.070190796,-0.276974343,1000_FGBSBOTHFB
-0.006922314,-0.002268761,0.025898321,0.000670723,0.026805962,0.08552239,0.063461466,-0.31886648,1000_FGBSBOTHFB
-0.006510196,-0.001998864,0.025871504,0.000669335,0.0266765,0.08211281,0.055156739,-0.321631583,1000_FGBSBOTHFB
-0.006280305,-0.001645879,0.025872705,0.000669397,0.026622498,0.08456767,0.05504066,-0.303810346,1000_FGBSBOTHFB
-0.006072279,-0.001202895,0.025862061,0.000668846,0.026563831,0.08438645,0.056494098,-0.300604775,1000_FGBSBOTHFB
-0.005684703,-0.001122754,0.025842705,0.000667845,0.02645902,0.08558816,0.053686547,-0.303621183,1000_FGBSBOTHFB
-0.005591241,-0.001189711,0.02587286,0.000669405,0.026468569,0.08588741,0.068738858,-0.30663887,1000_FGBSBOTHFB
-0.005219651,-0.000762494,0.025927742,0.000672248,0.02644637,0.08579174,0.069048923,-0.300403092,1000_FGBSBOTHFB
-0.005213964,-0.000906964,0.025846672,0.00066805,0.026365779,0.0870961,0.059306304,-0.321983011,1000_FGBSBOTHFB
-0.005838081,-0.001418595,0.025934189,0.000672582,0.026581634,0.08445451,0.06991707,-0.29654759,1000_FGBSBOTHFB
-0.006071011,-0.001755531,0.02601159,0.000676603,0.026709126,0.08396424,0.066820181,-0.308324266,1000_FGBSBOTHFB
-0.006402184,-0.001936457,0.025936247,0.000672689,0.026713195,0.08507574,0.0584528,-0.316691945,1000_FGBSBOTHFB
-0.006359388,-0.001826649,0.025979472,0.000674933,0.026744951,0.08369224,0.063751806,-0.324461953,1000_FGBSBOTHFB
-0.005546765,-0.001188984,0.025919478,0.000671819,0.026504791,0.08504439,0.05648369,-0.322612176,1000_FGBSBOTHFB
-0.005249327,-0.000931492,0.025938958,0.00067283,0.026463236,0.08563332,0.061827186,-0.31111875,1000_FGBSBOTHFB
-0.005374612,-0.000955111,0.02595735,0.000673784,0.026506381,0.08495241,0.049921461,-0.336943839,1000_FGBSBOTHFB
-0.005227928,-0.000825422,0.025994255,0.000675701,0.026513205,0.08805257,0.058252878,-0.329012945,1000_FGBSBOTHFB
-0.005826078,-0.001123337,0.025874401,0.000669485,0.026520673,0.08797791,0.051644521,-0.307307924,1000_FGBSBOTHFB
-0.005737773,-0.001156325,0.02592401,0.000672054,0.026549845,0.08792255,0.058316211,-0.304432057,1000_FGBSBOTHFB
-0.00546035,-0.000874901,0.025955755,0.000673701,0.026522338,0.0871347,0.060563404,-0.341305943,1000_FGBSBOTHFB
-0.005667309,-0.00131268,0.025980842,0.000675004,0.026590226,0.08427791,0.047824241,-0.344774585,1000_FGBSBOTHFB
-0.005769555,-0.001302511,0.025952835,0.00067355,0.026584867,0.0831849,0.043966271,-0.358444692,1000_FGBSBOTHFB
-0.005497129,-0.00117127,0.025884576,0.000670011,0.026460309,0.08660855,0.05409015,-0.327072296,1000_FGBSBOTHFB
-0.005309293,-0.000915334,0.025882633,0.000669911,0.026420021,0.08350328,0.040074572,-0.366612859,1000_FGBSBOTHFB
-0.005387074,-0.001080708,0.025914202,0.000671546,0.026466666,0.0848674,0.052968453,-0.319264195,1000_FGBSBOTHFB
-0.005750085,-0.001517246,0.025907037,0.000671175,0.02653594,0.08786956,0.051360194,-0.320996889,1000_FGBSBOTHFB
-0.005703699,-0.001258757,0.025881349,0.000669844,0.026500842,0.08677901,0.055823376,-0.31925816,1000_FGBSBOTHFB
-0.005086334,-0.000631461,0.025872334,0.000669378,0.026366015,0.08512973,0.05248555,-0.329417696,1000_FGBSBOTHFB
-0.005704506,-0.001308579,0.025982212,0.000675075,0.026599518,0.09304347,0.068511241,-0.284742554,1000_FGBSBOTHFB
-0.006512411,-0.002073027,0.02595669,0.00067375,0.026759653,0.08555152,0.064853974,-0.312985508,1000_FGBSBOTHFB
-0.006182459,-0.001916745,0.025956888,0.00067376,0.026681465,0.08193413,0.065679595,-0.310809737,1000_FGBSBOTHFB
-0.006310102,-0.001598573,0.025993399,0.000675657,0.026746807,0.08635392,0.069778587,-0.304048429,1000_FGBSBOTHFB
-0.006315981,-0.001818941,0.025961231,0.000673986,0.02671694,0.08565749,0.073039494,-0.313234187,1000_FGBSBOTHFB
-0.00655387,-0.002161607,0.025987874,0.00067537,0.026800007,0.08289306,0.062192999,-0.335362911,1000_FGBSBOTHFB
-0.006458795,-0.002038834,0.025996543,0.00067582,0.026785327,0.08612801,0.070756694,-0.311193048,1000_FGBSBOTHFB
-0.006523154,-0.001964012,0.025940213,0.000672895,0.026746291,0.08577757,0.062376988,-0.324253829,1000_FGBSBOTHFB
-0.006549326,-0.002186344,0.025900616,0.000670842,0.026714298,0.08674759,0.057638143,-0.334548451,1000_FGBSBOTHFB
-0.00612368,-0.00164012,0.025944396,0.000673112,0.02665575,0.08603501,0.06782116,-0.324857266,1000_FGBSBOTHFB
-0.006175993,-0.001733396,0.025897944,0.000670704,0.026622632,0.08531396,0.066081123,-0.323126448,1000_FGBSBOTHFB
-0.006415598,-0.002152762,0.025975055,0.000674703,0.026754084,0.08494583,0.068028634,-0.32407062,1000_FGBSBOTHFB
-0.005840852,-0.001725241,0.025911521,0.000671407,0.02656013,0.08643874,0.078793447,-0.281551993,1000_FGBSBOTHFB
-0.00593772,-0.001436397,0.025964674,0.000674164,0.02663341,0.08600627,0.06201815,-0.325588502,1000_FGBSBOTHFB
-0.005872557,-0.001531749,0.02593807,0.000672783,0.026593012,0.08743991,0.072933485,-0.330158303,1000_FGBSBOTHFB
-0.006149314,-0.001834656,0.025920134,0.000671853,0.026638044,0.08261052,0.074493378,-0.317730318,1000_FGBSBOTHFB
-0.006028323,-0.001763297,0.025879028,0.000669724,0.026570341,0.08684879,0.069452653,-0.319691614,1000_FGBSBOTHFB
-0.005636331,-0.00126788,0.025947054,0.00067325,0.026550625,0.08369575,0.067001433,-0.307729309,1000_FGBSBOTHFB
-0.005827989,-0.001371701,0.025902237,0.000670926,0.026548248,0.08680993,0.074096263,-0.280990585,1000_FGBSBOTHFB
-0.006440251,-0.001977001,0.025923724,0.000672039,0.02671019,0.08772711,0.067549353,-0.313714775,1000_FGBSBOTHFB
-0.006858037,-0.002358871,0.025971654,0.000674527,0.026860327,0.08479788,0.066484907,-0.315895342,1000_FGBSBOTHFB
-0.007166424,-0.002929468,0.025967012,0.000674286,0.02693624,0.08729694,0.063786293,-0.327470537,1000_FGBSBOTHFB
-0.006772976,-0.002270456,0.02599715,0.000675852,0.026863404,0.08708678,0.064816266,-0.296333092,1000_FGBSBOTHFB
-0.006284912,-0.001841998,0.026025382,0.000677321,0.026771962,0.08582622,0.076743048,-0.313597924,1000_FGBSBOTHFB
-0.006023668,-0.001421876,0.025978204,0.000674867,0.026665882,0.08546667,0.074149168,-0.307982739,1000_FGBSBOTHFB
-0.005788281,-0.001428948,0.025968219,0.000674348,0.026603952,0.08680731,0.071217321,-0.311236526,1000_FGBSBOTHFB
-0.005886145,-0.00147816,0.025976617,0.000674785,0.026633606,0.08690999,0.0695572,-0.309185854,1000_FGBSBOTHFB
-0.00623119,-0.001772767,0.026067646,0.000679522,0.026800503,0.08643138,0.066476847,-0.306057149,1000_FGBSBOTHFB
-0.006393183,-0.002054567,0.025976738,0.000674791,0.026750352,0.08653887,0.065170254,-0.301181405,1000_FGBSBOTHFB
-0.006454854,-0.001971186,0.026086584,0.00068051,0.026871769,0.08364484,0.05922818,-0.31557128,1000_FGBSBOTHFB
-0.00573244,-0.001095682,0.026034235,0.000677781,0.026656322,0.08440018,0.055357748,-0.338705873,1000_FGBSBOTHFB
-0.00569534,-0.001104123,0.026077739,0.000680048,0.026690866,0.08547285,0.063315702,-0.30879067,1000_FGBSBOTHFB
-0.005884726,-0.001631682,0.026020748,0.000677079,0.026676332,0.08581965,0.060696146,-0.316586076,1000_FGBSBOTHFB
-0.005748007,-0.001414229,0.026004919,0.000676256,0.02663105,0.08807174,0.058159669,-0.32383609,1000_FGBSBOTHFB
-0.0057986,-0.001420637,0.025948448,0.000673322,0.026586905,0.08417682,0.055741175,-0.320256434,1000_FGBSBOTHFB
-0.005848025,-0.001318452,0.026063216,0.000679291,0.026709693,0.08280277,0.05266288,-0.343173977,1000_FGBSBOTHFB
-0.005305538,-0.000776954,0.026029405,0.00067753,0.026563056,0.08654721,0.056613947,-0.329031883,1000_FGBSBOTHFB
-0.005702341,-0.001295913,0.026034997,0.000677821,0.02665061,0.08506735,0.068461291,-0.310579192,1000_FGBSBOTHFB
-0.005880681,-0.001496292,0.026002756,0.000676143,0.026657892,0.08476009,0.058782145,-0.32470042,1000_FGBSBOTHFB
-0.005795618,-0.001133394,0.026079193,0.000680124,0.026713863,0.08534751,0.057903754,-0.328321559,1000_FGBSBOTHFB
-0.005607492,-0.001219852,0.026015119,0.000676786,0.026611046,0.08520991,0.056396935,-0.319084565,1000_FGBSBOTHFB
-0.005397709,-0.001049852,0.025962245,0.000674038,0.026515866,0.08793726,0.075094332,-0.286815621,1000_FGBSBOTHFB
-0.005295917,-0.000820289,0.026024036,0.00067725,0.026555875,0.08701525,0.063068775,-0.292711132,1000_FGBSBOTHFB
-0.004988759,-0.000503486,0.026023529,0.000677224,0.026495832,0.08794361,0.065129283,-0.317589814,1000_FGBSBOTHFB
-0.005666468,-0.001228571,0.026037597,0.000677956,0.026645497,0.08627312,0.061810832,-0.337501686,1000_FGBSBOTHFB
-0.00542055,-0.001010552,0.0260279,0.000677452,0.026584793,0.08372664,0.066884403,-0.338468278,1000_FGBSBOTHFB
-0.005260874,-0.000873185,0.026036218,0.000677885,0.026560849,0.091003,0.057825564,-0.346804324,1000_FGBSBOTHFB
-0.006943702,-0.001988497,0.024243741,0.000587759,0.025217102,0.06729877,-0.128849771,-0.779513692,1000_FGBSIRFB
-0.006618801,-0.001729307,0.02446117,0.000598349,0.025339383,0.06884821,-0.12157401,-0.771383805,1000_FGBSIRFB
-0.006161178,-0.001048858,0.024529105,0.000601677,0.025289595,0.07250387,-0.129119381,-0.77941731,1000_FGBSIRFB
-0.00645072,-0.001480236,0.024525276,0.000601489,0.025357988,0.06821389,-0.117476635,-0.781101045,1000_FGBSIRFB
-0.006355182,-0.001285963,0.024449478,0.000597777,0.02526049,0.07166123,-0.123547175,-0.783160941,1000_FGBSIRFB
-0.006217205,-0.001395424,0.024475187,0.000599035,0.025251046,0.06909739,-0.117692491,-0.776400591,1000_FGBSIRFB
-0.006124411,-0.001426468,0.024488333,0.000599678,0.02524111,0.07065275,-0.106394196,-0.766569247,1000_FGBSIRFB
-0.006110688,-0.001425877,0.024462017,0.00059839,0.025212254,0.06589437,-0.11799149,-0.78689636,1000_FGBSIRFB
-0.006153902,-0.001020225,0.024492922,0.000599903,0.025252733,0.07160126,-0.120410623,-0.777400696,1000_FGBSIRFB
-0.00618245,-0.000979732,0.024460584,0.00059832,0.025228353,0.06725912,-0.125277504,-0.778839509,1000_FGBSIRFB
-0.006102072,-0.000905013,0.024467163,0.000598642,0.02521516,0.06772578,-0.122847848,-0.774097294,1000_FGBSIRFB
-0.005813598,-0.000908358,0.024431559,0.000596901,0.025112271,0.07400856,-0.124096324,-0.787641394,1000_FGBSIRFB
-0.006067979,-0.001025216,0.024438789,0.000597254,0.025179393,0.06963705,-0.11718112,-0.781751457,1000_FGBSIRFB
-0.006352464,-0.001236806,0.024436278,0.000597132,0.025247031,0.06962714,-0.132389759,-0.774437529,1000_FGBSIRFB
-0.006692821,-0.001793137,0.024427862,0.00059672,0.025326694,0.0683995,-0.128213498,-0.795044416,1000_FGBSIRFB
-0.005956142,-0.000829146,0.024448614,0.000597735,0.025162222,0.06928748,-0.129135406,-0.779879996,1000_FGBSIRFB
-0.005237442,-0.000381576,0.024480408,0.00059929,0.025032939,0.07116673,-0.128605983,-0.803250278,1000_FGBSIRFB
-0.005490298,-0.000351483,0.024470734,0.000598817,0.025077621,0.06899513,-0.131709546,-0.796785649,1000_FGBSIRFB
-0.005796972,-0.000762916,0.024519068,0.000601185,0.025193574,0.0683242,-0.115615967,-0.773142462,1000_FGBSIRFB
-0.006587569,-0.001739746,0.024505685,0.000600529,0.025374226,0.06896774,-0.122660546,-0.8025238,1000_FGBSIRFB
-0.006316477,-0.00113769,0.024448623,0.000597735,0.025249952,0.07047641,-0.137074166,-0.787766531,1000_FGBSIRFB
-0.006113724,-0.001091548,0.024496496,0.000600078,0.025246439,0.07322396,-0.120225051,-0.767948941,1000_FGBSIRFB
-0.005942727,-0.001035748,0.024484064,0.000599469,0.025193496,0.06895653,-0.134031355,-0.788520729,1000_FGBSIRFB
-0.006094199,-0.001201849,0.024513387,0.000600906,0.025258108,0.07313193,-0.125268217,-0.783915749,1000_FGBSIRFB
-0.006222074,-0.001149007,0.024514625,0.000600967,0.025290466,0.06964573,-0.134174747,-0.792651692,1000_FGBSIRFB
-0.005781788,-0.000807937,0.024532255,0.000601832,0.025202919,0.0704726,-0.117922704,-0.755453086,1000_FGBSIRFB
-0.005442623,-0.000524089,0.024560452,0.000603216,0.025154807,0.0724806,-0.119601814,-0.774564258,1000_FGBSIRFB
-0.005601678,-0.000638079,0.024475321,0.000599041,0.025106713,0.06816345,-0.11337179,-0.76967224,1000_FGBSIRFB
-0.005854392,-0.000522392,0.024565243,0.000603451,0.025251761,0.06926378,-0.132748117,-0.791943153,1000_FGBSIRFB
-0.00589823,-0.000468933,0.024565395,0.000603459,0.025262108,0.07015913,-0.135722198,-0.77862208,1000_FGBSIRFB
-0.005766183,-0.000420333,0.024478166,0.000599181,0.025146697,0.07186924,-0.137158832,-0.802619368,1000_FGBSIRFB
-0.005726181,-0.00066097,0.024501085,0.000600303,0.025159869,0.07392097,-0.127875575,-0.768332962,1000_FGBSIRFB
-0.006029227,-0.000781462,0.024390386,0.000594891,0.025123094,0.06970454,-0.14129879,-0.762615578,1000_FGBSIRFB
-0.005952436,-0.000771186,0.024494701,0.00059999,0.025206123,0.06838334,-0.125596308,-0.739160779,1000_FGBSIRFB
-0.006106309,-0.000788243,0.024540527,0.000602237,0.025287367,0.07251834,-0.127828268,-0.757366812,1000_FGBSIRFB
-0.005566077,-0.000142899,0.024518724,0.000601168,0.025141114,0.07342798,-0.119010972,-0.77652521,1000_FGBSIRFB
-0.006252931,-0.001193394,0.02455338,0.000602868,0.025335628,0.07137629,-0.125177995,-0.793947442,1000_FGBSIRFB
-0.006254324,-0.001123106,0.024579827,0.000604168,0.025361599,0.06685052,-0.127587908,-0.782383667,1000_FGBSIRFB
-0.006144118,-0.000680963,0.024579632,0.000604158,0.025334458,0.06779173,-0.130934068,-0.776531396,1000_FGBSIRFB
-0.006796412,-0.001710436,0.024567857,0.00060358,0.025489157,0.06798267,-0.125751187,-0.776209823,1000_FGBSIRFB
-0.007025028,-0.001729755,0.024492587,0.000599887,0.025478709,0.06738036,-0.138276358,-0.799009549,1000_FGBSIRFB
-0.007221019,-0.00198418,0.024380766,0.000594422,0.025426213,0.07056105,-0.131343471,-0.780878935,1000_FGBSIRFB
-0.0069271,-0.001719068,0.024462225,0.0005984,0.025422669,0.07209983,-0.125849797,-0.773243023,1000_FGBSIRFB
-0.007482192,-0.002210737,0.024506654,0.000600576,0.025621982,0.0676463,-0.137399694,-0.764422597,1000_FGBSIRFB
-0.006712476,-0.001577447,0.024523151,0.000601385,0.025423785,0.06803484,-0.135351991,-0.772772785,1000_FGBSIRFB
-0.006491169,-0.001289159,0.024503094,0.000600402,0.025346866,0.0687867,-0.132886689,-0.778992466,1000_FGBSIRFB
-0.006362544,-0.000962666,0.024465965,0.000598583,0.025278298,0.06961808,-0.142484349,-0.786742839,1000_FGBSIRFB
-0.006188743,-0.000958453,0.024496475,0.000600077,0.02526469,0.07288532,-0.132194709,-0.768850387,1000_FGBSIRFB
-0.006297256,-0.001074385,0.024428633,0.000596758,0.025225795,0.07181033,-0.129613609,-0.772740429,1000_FGBSIRFB
-0.00611163,-0.000437996,0.024498802,0.000600191,0.02524817,0.07070538,-0.134127689,-0.782667386,1000_FGBSIRFB
-0.006694107,-0.00144883,0.024539277,0.000602176,0.025434498,0.07226152,-0.119589888,-0.735712416,1000_FGBSIRFB
-0.006584445,-0.001066894,0.024541138,0.000602267,0.025407654,0.07184172,-0.126310367,-0.773354205,1000_FGBSIRFB
-0.006666841,-0.001580397,0.024651236,0.000607683,0.025535388,0.07026497,-0.128360007,-0.765362863,1000_FGBSIRFB
-0.00648819,-0.001296418,0.02462468,0.000606375,0.02546365,0.06894358,-0.12958892,-0.770960201,1000_FGBSIRFB
-0.006632565,-0.001503896,0.024544122,0.000602414,0.025423047,0.06794604,-0.116639233,-0.764229968,1000_FGBSIRFB
-0.006571041,-0.00128529,0.024569208,0.000603646,0.025431297,0.06771802,-0.125826623,-0.751422228,1000_FGBSIRFB
-0.006694966,-0.001826169,0.02458455,0.0006044,0.0254784,0.07113843,-0.128442591,-0.774443279,1000_FGBSIRFB
-0.006425056,-0.001485616,0.024546415,0.000602527,0.02537192,0.07228253,-0.125377631,-0.766859394,1000_FGBSIRFB
-0.005764047,-0.000634117,0.02454273,0.000602346,0.025209052,0.06925753,-0.134698366,-0.789174593,1000_FGBSIRFB
-0.006055108,-0.000872689,0.024523941,0.000601424,0.025258951,0.06749673,-0.128240392,-0.787783615,1000_FGBSIRFB
-0.006255822,-0.001199772,0.024554945,0.000602945,0.025337857,0.067609,-0.126480473,-0.785451886,1000_FGBSIRFB
-0.006188364,-0.001135766,0.024600483,0.000605184,0.025365444,0.07037218,-0.120814358,-0.783866304,1000_FGBSIRFB
-0.006225281,-0.001346913,0.024627557,0.000606517,0.025400721,0.07202739,-0.120846758,-0.785289739,1000_FGBSIRFB
-0.006291278,-0.001333505,0.024504531,0.000600472,0.025297805,0.06983766,-0.121404671,-0.778447071,1000_FGBSIRFB
-0.006165206,-0.001331413,0.024576896,0.000604024,0.025336926,0.06856716,-0.118114262,-0.794677239,1000_FGBSIRFB
-0.00636893,-0.001406272,0.024538981,0.000602162,0.025350569,0.07191166,-0.116681835,-0.767115232,1000_FGBSIRFB
-0.006895686,-0.001976954,0.024528318,0.000601638,0.025477744,0.06619927,-0.133720317,-0.798446654,1000_FGBSIRFB
-0.007033074,-0.002355918,0.024643228,0.000607289,0.025625742,0.06882124,-0.111442267,-0.755060544,1000_FGBSIRFB
-0.006270229,-0.001146544,0.024540691,0.000602246,0.025327609,0.07220052,-0.1309281,-0.786206841,1000_FGBSIRFB
-0.006158143,-0.000993391,0.024528291,0.000601637,0.025288068,0.07254072,-0.128446872,-0.764602532,1000_FGBSIRFB
-0.006421392,-0.001104949,0.024534972,0.000601965,0.025359922,0.07062483,-0.134546084,-0.789437324,1000_FGBSIRFB
-0.005928984,-0.000871624,0.024511668,0.000600822,0.025217085,0.0701296,-0.122318177,-0.793988518,1000_FGBSIRFB
-0.0065713,-0.001384217,0.024596766,0.000605001,0.025457985,0.07372192,-0.126737008,-0.788080121,1000_FGBSIRFB
-0.006906772,-0.001770389,0.024687067,0.000609451,0.025633579,0.06807779,-0.12789738,-0.778385684,1000_FGBSIRFB
-0.00747834,-0.002383856,0.024547171,0.000602564,0.02565961,0.0682784,-0.116974741,-0.768160769,1000_FGBSIRFB
-0.007060031,-0.001876823,0.02460149,0.000605233,0.025593036,0.06892308,-0.120217199,-0.768058047,1000_FGBSIRFB
-0.006701054,-0.001420177,0.024610781,0.000605691,0.025505308,0.06715531,-0.121158072,-0.780470243,1000_FGBSIRFB
-0.006598258,-0.001470329,0.024532096,0.000601824,0.025402506,0.06801013,-0.121349338,-0.775250132,1000_FGBSIRFB
-0.007096503,-0.001966931,0.024501037,0.000600301,0.025506625,0.07018758,-0.117772673,-0.760932639,1000_FGBSIRFB
-0.006657608,-0.001524039,0.024569587,0.000603665,0.025454167,0.06871213,-0.123109716,-0.773659269,1000_FGBSIRFB
-0.005956742,-0.000913,0.024583472,0.000604347,0.0252934,0.06995466,-0.126227409,-0.771120914,1000_FGBSIRFB
-0.006251347,-0.00106667,0.024635408,0.000606903,0.025414731,0.06974605,-0.129811271,-0.785290897,1000_FGBSIRFB
-0.006335253,-0.001406686,0.024643114,0.000607283,0.025442963,0.06914188,-0.126856138,-0.792305234,1000_FGBSIRFB
-0.006118026,-0.000874919,0.024658622,0.000608048,0.025404796,0.06971832,-0.120607777,-0.773424696,1000_FGBSIRFB
-0.006459888,-0.001519782,0.024569467,0.000603659,0.025403054,0.07087632,-0.125931393,-0.780659875,1000_FGBSIRFB
-0.006129684,-0.000877107,0.024636403,0.000606952,0.025386045,0.06878956,-0.127229415,-0.788226183,1000_FGBSIRFB
-0.00648096,-0.001617079,0.024568006,0.000603587,0.025407008,0.0732904,-0.13285528,-0.792823915,1000_FGBSIRFB
-0.007106525,-0.00200356,0.024579386,0.000604146,0.025584667,0.0716401,-0.136288695,-0.814697832,1000_FGBSIRFB
-0.006885143,-0.002002229,0.024463315,0.000598454,0.025412318,0.07081025,-0.128921078,-0.786150107,1000_FGBSIRFB
-0.0067486,-0.001800783,0.024416009,0.000596142,0.025330068,0.06846426,-0.128586585,-0.793949712,1000_FGBSIRFB
-0.007003938,-0.001900244,0.024433235,0.000596983,0.025415847,0.06759193,-0.135152189,-0.796297374,1000_FGBSIRFB
-0.006935807,-0.002042726,0.024545684,0.000602491,0.025505342,0.06717502,-0.127928448,-0.813471203,1000_FGBSIRFB
-0.006348243,-0.001209889,0.024392704,0.000595004,0.0252038,0.06712444,-0.135253878,-0.79337795,1000_FGBSIRFB
-0.006662604,-0.001867446,0.024539948,0.000602209,0.025426872,0.06783518,-0.117020307,-0.784898196,1000_FGBSIRFB
-0.00628292,-0.001445887,0.024560867,0.000603236,0.025350299,0.07131393,-0.11850348,-0.769939898,1000_FGBSIRFB
-0.006451458,-0.001237946,0.024495573,0.000600033,0.025329453,0.06627639,-0.127707889,-0.792034797,1000_FGBSIRFB
-0.006535043,-0.001169335,0.024589595,0.000604648,0.025441721,0.06979976,-0.124743725,-0.781337636,1000_FGBSIRFB
-0.006635241,-0.001560757,0.024554552,0.000602926,0.025433813,0.06891744,-0.122238431,-0.790833466,1000_FGBSIRFB
-0.006352881,-0.001285402,0.02448738,0.000599632,0.025296594,0.0718627,-0.132219122,-0.782567064,1000_FGBSIRFB
-0.006585761,-0.001576107,0.024581019,0.000604227,0.025446512,0.07256939,-0.127955773,-0.791196332,1000_FGBSIRFB
-0.006783425,-0.002682498,0.025269509,0.000638548,0.026162664,0.08335278,0.08153766,-0.199052074,1000_FGBSORFB
-0.006418451,-0.002074984,0.025384168,0.000644356,0.026181555,0.08744176,0.112383213,-0.139720326,1000_FGBSORFB
-0.006286771,-0.001942696,0.025292884,0.00063973,0.026060993,0.08281285,0.094140228,-0.190687813,1000_FGBSORFB
-0.005775738,-0.001542804,0.025269484,0.000638547,0.025919646,0.08741,0.097543692,-0.164830295,1000_FGBSORFB
-0.005623478,-0.001399102,0.025280867,0.000639122,0.025897253,0.08950448,0.099301822,-0.168911979,1000_FGBSORFB
-0.005420024,-0.001260547,0.025345704,0.000642405,0.025917233,0.08703136,0.091516665,-0.192116433,1000_FGBSORFB
-0.005771731,-0.001679027,0.025324336,0.000641322,0.025972228,0.08604324,0.096910213,-0.180596288,1000_FGBSORFB
-0.005492645,-0.001223808,0.025234673,0.000636789,0.025824023,0.08811375,0.102618273,-0.169602974,1000_FGBSORFB
-0.005404182,-0.001408055,0.025330525,0.000641635,0.02589908,0.08961447,0.096262824,-0.190058043,1000_FGBSORFB
-0.005670323,-0.001545342,0.025275911,0.000638872,0.02590263,0.08555397,0.099825363,-0.16570973,1000_FGBSORFB
-0.005772065,-0.001526328,0.025295589,0.000639867,0.025944275,0.08642951,0.089451687,-0.194712027,1000_FGBSORFB
-0.006266324,-0.002113795,0.025291587,0.000639664,0.026054809,0.08589479,0.103644738,-0.152140213,1000_FGBSORFB
-0.00612634,-0.002002626,0.025301915,0.000640187,0.026031535,0.08584311,0.098183135,-0.160574309,1000_FGBSORFB
-0.006060968,-0.002099244,0.025310923,0.000640643,0.026024987,0.08345214,0.100478133,-0.171519969,1000_FGBSORFB
-0.006239131,-0.001838358,0.025288701,0.000639518,0.026045481,0.0849397,0.091248819,-0.202066712,1000_FGBSORFB
-0.006037233,-0.001727638,0.025366424,0.000643455,0.026073456,0.08592817,0.092792041,-0.200665583,1000_FGBSORFB
-0.005379286,-0.0011165,0.025401494,0.000645236,0.025963317,0.0870172,0.085501726,-0.198078819,1000_FGBSORFB
-0.005459452,-0.001158468,0.025333287,0.000641775,0.025913369,0.08937532,0.093612792,-0.194575094,1000_FGBSORFB
-0.005753214,-0.00177618,0.02531519,0.000640859,0.0259592,0.08482644,0.099522625,-0.206118438,1000_FGBSORFB
-0.005686439,-0.001295175,0.025273407,0.000638745,0.02590372,0.08696637,0.097829833,-0.203683098,1000_FGBSORFB
-0.005490958,-0.001154505,0.025324356,0.000641323,0.025911298,0.08845961,0.092872236,-0.188311563,1000_FGBSORFB
-0.005589009,-0.00149668,0.025423857,0.000646373,0.026029419,0.089564,0.100502758,-0.175563393,1000_FGBSORFB
-0.005905089,-0.001775748,0.025449773,0.000647691,0.026124355,0.08806639,0.096034869,-0.20658113,1000_FGBSORFB
-0.005721238,-0.001551464,0.025325225,0.000641367,0.02596192,0.08549886,0.100147804,-0.177680736,1000_FGBSORFB
-0.005970692,-0.001755549,0.02532884,0.00064155,0.026021548,0.08541728,0.10215763,-0.183111624,1000_FGBSORFB
-0.006231429,-0.002042151,0.025368907,0.000643581,0.026121515,0.08593123,0.109677928,-0.165301147,1000_FGBSORFB
-0.005963458,-0.001806478,0.025359589,0.000643109,0.026049819,0.09021892,0.099603192,-0.184506488,1000_FGBSORFB
-0.00561913,-0.001575936,0.02534637,0.000642438,0.025960252,0.0869428,0.11621646,-0.139235568,1000_FGBSORFB
-0.00582219,-0.001698744,0.02539274,0.000644791,0.026050152,0.08396311,0.113632719,-0.161201647,1000_FGBSORFB
-0.00571178,-0.001700825,0.025380171,0.000644153,0.026013436,0.08461829,0.104333782,-0.165954237,1000_FGBSORFB
-0.005508061,-0.001538633,0.025401493,0.000645236,0.025990302,0.08636442,0.11255061,-0.163763558,1000_FGBSORFB
-0.005886725,-0.001728509,0.025506012,0.000650557,0.026175002,0.08524201,0.097233813,-0.181928407,1000_FGBSORFB
-0.006064888,-0.001665926,0.02539591,0.000644952,0.02610855,0.0861195,0.096022708,-0.182264361,1000_FGBSORFB
-0.006156902,-0.002104174,0.025326444,0.000641429,0.026062577,0.08737417,0.111731917,-0.19548757,1000_FGBSORFB
-0.005974195,-0.00182635,0.025345218,0.00064238,0.026038292,0.08523573,0.104110219,-0.202966634,1000_FGBSORFB
-0.006142368,-0.002122841,0.025344011,0.000642319,0.026076218,0.08253622,0.094254476,-0.214157585,1000_FGBSORFB
-0.006068617,-0.001922229,0.025362499,0.000643256,0.026076924,0.08787659,0.101431923,-0.19064341,1000_FGBSORFB
-0.006065255,-0.001984364,0.025363815,0.000643323,0.026077421,0.08438819,0.106401224,-0.208836169,1000_FGBSORFB
-0.006377493,-0.002505363,0.025264665,0.000638303,0.026055667,0.08443443,0.118770866,-0.168322465,1000_FGBSORFB
-0.005866159,-0.002054091,0.025295651,0.00063987,0.025965432,0.08618876,0.107531855,-0.172677519,1000_FGBSORFB
-0.005695798,-0.001579019,0.025320835,0.000641145,0.025952043,0.08480474,0.09946028,-0.208382527,1000_FGBSORFB
-0.00576454,-0.001639789,0.025385514,0.000644424,0.026030282,0.08700928,0.114380705,-0.163399361,1000_FGBSORFB
-0.00545584,-0.001544333,0.025394675,0.00064489,0.02597262,0.0852977,0.10412568,-0.18791507,1000_FGBSORFB
-0.005954309,-0.001925112,0.025394578,0.000644885,0.026081788,0.08862048,0.113196284,-0.154411456,1000_FGBSORFB
-0.006007342,-0.00197403,0.025378725,0.00064408,0.02607852,0.08455789,0.107774764,-0.176977145,1000_FGBSORFB
-0.006308004,-0.002046986,0.025397832,0.00064505,0.026167958,0.08723616,0.095920597,-0.199559324,1000_FGBSORFB
-0.006694628,-0.002713468,0.025425147,0.000646438,0.026290249,0.08934482,0.112161639,-0.183288243,1000_FGBSORFB
-0.005889559,-0.001866046,0.025219186,0.000636007,0.025896267,0.08431569,0.103861033,-0.21134993,1000_FGBSORFB
-0.005578582,-0.001346498,0.02522851,0.000636478,0.02583642,0.08591907,0.08934615,-0.231572286,1000_FGBSORFB
-0.006045179,-0.001797921,0.025341452,0.000642189,0.026051007,0.08463467,0.099442821,-0.19834234,1000_FGBSORFB
-0.00590667,-0.00201256,0.025323681,0.000641289,0.02600191,0.08390512,0.104126502,-0.202906847,1000_FGBSORFB
-0.005574417,-0.001680118,0.025414612,0.000645902,0.026017259,0.08512183,0.10361741,-0.170755436,1000_FGBSORFB
-0.005753143,-0.00176826,0.025345955,0.000642417,0.025989184,0.08870789,0.103430217,-0.190411889,1000_FGBSORFB
-0.005632781,-0.00156086,0.025362246,0.000643244,0.025978707,0.08581416,0.088583994,-0.228173536,1000_FGBSORFB
-0.005792243,-0.001545118,0.025356488,0.000642951,0.026008135,0.08513471,0.084212254,-0.229132607,1000_FGBSORFB
-0.005028979,-0.001061464,0.025296774,0.000639927,0.025790294,0.08417895,0.089230129,-0.224922385,1000_FGBSORFB
-0.005717241,-0.001683986,0.025239281,0.000637021,0.025877218,0.08482425,0.08359523,-0.240626593,1000_FGBSORFB
-0.005427072,-0.001307748,0.025374527,0.000643867,0.02594689,0.08601063,0.096645777,-0.200285192,1000_FGBSORFB
-0.005796816,-0.001628246,0.025315901,0.000640895,0.025969592,0.08445405,0.094231323,-0.213395143,1000_FGBSORFB
-0.005597741,-0.001604854,0.025290578,0.000639613,0.025901157,0.08667499,0.095465569,-0.206449543,1000_FGBSORFB
-0.005684536,-0.001690867,0.025323983,0.000641304,0.025952645,0.08464464,0.088231568,-0.232769257,1000_FGBSORFB
-0.005300751,-0.001225104,0.025346152,0.000642427,0.02589299,0.08470601,0.100851604,-0.203350535,1000_FGBSORFB
-0.004923059,-0.000710479,0.025385735,0.000644436,0.025857173,0.0866617,0.087375939,-0.257317134,1000_FGBSORFB
-0.004825286,-0.000768451,0.025311289,0.000640661,0.025765607,0.08626707,0.09862467,-0.228668174,1000_FGBSORFB
-0.005333746,-0.000999324,0.025376532,0.000643968,0.025929493,0.08518195,0.079234738,-0.248359017,1000_FGBSORFB
-0.005415998,-0.001216458,0.025380583,0.000644174,0.025950499,0.0844644,0.088000028,-0.235463691,1000_FGBSORFB
-0.005796938,-0.001706165,0.025340991,0.000642166,0.025994075,0.08574454,0.088353759,-0.225647813,1000_FGBSORFB
-0.00503625,-0.000662728,0.025465417,0.000648487,0.02595712,0.0858307,0.081043811,-0.240642832,1000_FGBSORFB
-0.005304942,-0.00109916,0.025419778,0.000646165,0.025965913,0.08813488,0.087455195,-0.239328079,1000_FGBSORFB
-0.004798551,-0.000537828,0.025387284,0.000644514,0.025835278,0.08584913,0.090432676,-0.236892761,1000_FGBSORFB
-0.005483871,-0.001478939,0.025380942,0.000644192,0.0259651,0.08680877,0.084410487,-0.24956341,1000_FGBSORFB
-0.005581772,-0.001279597,0.025425552,0.000646459,0.026029521,0.08563612,0.095691935,-0.195120805,1000_FGBSORFB
-0.005531236,-0.001347231,0.0254852,0.000649495,0.026077015,0.08848771,0.074589122,-0.267879586,1000_FGBSORFB
-0.00536765,-0.001279421,0.025423117,0.000646335,0.025982064,0.08442955,0.079505158,-0.244206066,1000_FGBSORFB
-0.005364614,-0.001442708,0.025416723,0.00064601,0.025975181,0.09095925,0.093466941,-0.213947398,1000_FGBSORFB
-0.005739537,-0.001402304,0.025474136,0.000648932,0.026111198,0.08468406,0.070326709,-0.268841245,1000_FGBSORFB
-0.006165472,-0.001869916,0.025532507,0.000651909,0.026264851,0.09133924,0.088571669,-0.235353693,1000_FGBSORFB
-0.006653352,-0.002648815,0.025439875,0.000647187,0.026294017,0.0850407,0.099679949,-0.234281671,1000_FGBSORFB
-0.00693841,-0.002737628,0.025423902,0.000646375,0.02635218,0.08660081,0.097565337,-0.205728411,1000_FGBSORFB
-0.006125001,-0.001858169,0.025553169,0.000652964,0.026275471,0.0871177,0.103012807,-0.193295896,1000_FGBSORFB
-0.006258717,-0.002060646,0.025464146,0.000648423,0.02622051,0.08803491,0.084126008,-0.221909219,1000_FGBSORFB
-0.006730877,-0.002709179,0.025400281,0.000645174,0.026275468,0.08688661,0.10651585,-0.195856975,1000_FGBSORFB
-0.00629396,-0.002002053,0.025508329,0.000650675,0.026271836,0.08672816,0.100807504,-0.201004087,1000_FGBSORFB
-0.006092849,-0.001855384,0.025521297,0.000651337,0.026236995,0.09296058,0.099993052,-0.193214645,1000_FGBSORFB
-0.005936241,-0.001771214,0.025388713,0.000644587,0.026071959,0.08750122,0.086161249,-0.250526909,1000_FGBSORFB
-0.005761615,-0.001599438,0.025364841,0.000643375,0.026009476,0.08546139,0.086417033,-0.237336261,1000_FGBSORFB
-0.005850723,-0.001889429,0.025504953,0.000650503,0.026165897,0.08392683,0.080394416,-0.272194082,1000_FGBSORFB
-0.005851411,-0.001722758,0.025499697,0.000650235,0.026160929,0.08615974,0.09475198,-0.201426528,1000_FGBSORFB
-0.00565883,-0.001332386,0.025431048,0.000646738,0.026051519,0.08512338,0.093751129,-0.212206458,1000_FGBSORFB
-0.005970531,-0.001859426,0.02543349,0.000646862,0.026123374,0.08654728,0.100976142,-0.18899386,1000_FGBSORFB
-0.006051984,-0.00163074,0.025534294,0.000652,0.026240181,0.08469624,0.07319556,-0.265881759,1000_FGBSORFB
-0.006067367,-0.001767762,0.02551952,0.000651246,0.026229361,0.08601836,0.085216514,-0.235580252,1000_FGBSORFB
-0.006085608,-0.002045849,0.025468878,0.000648664,0.026184331,0.08897601,0.084441704,-0.231703324,1000_FGBSORFB
-0.006163361,-0.001794433,0.025501502,0.000650327,0.026234219,0.08339091,0.075591656,-0.26733962,1000_FGBSORFB
-0.006367197,-0.001848774,0.02555991,0.000653309,0.026339523,0.08429769,0.075325976,-0.259048387,1000_FGBSORFB
-0.006070193,-0.001877312,0.025611241,0.000655936,0.026319248,0.08495957,0.083726497,-0.230021763,1000_FGBSORFB
-0.00552261,-0.001338108,0.025469723,0.000648707,0.026060062,0.08783378,0.090539213,-0.235198288,1000_FGBSORFB
-0.005680497,-0.001378317,0.02550744,0.00065063,0.026130789,0.08801831,0.082492142,-0.232562633,1000_FGBSORFB
-0.005930717,-0.001501636,0.025546696,0.000652634,0.026224557,0.08929554,0.080930758,-0.234602856,1000_FGBSORFB
-0.00647309,-0.002146753,0.025448515,0.000647627,0.026257356,0.0831496,0.067738929,-0.279482348,1000_FGBSORFB
-0.005560105,0.01338481,0.083343789,0.006946187,0.083523973,0.399177,0.52837841,1.735003768,1000_GGBSGB
-0.005164227,0.01342989,0.082993435,0.00688791,0.083148895,0.3899338,0.52242684,1.700959474,1000_GGBSGB
-0.00524251,0.01286444,0.083173826,0.006917885,0.083333816,0.3932613,0.53889766,1.808902779,1000_GGBSGB
-0.005155974,0.013397095,0.082938976,0.006878874,0.083094032,0.3979173,0.521658243,1.703941825,1000_GGBSGB
-0.00525049,0.01394173,0.082957123,0.006881884,0.08311806,0.3974274,0.505466157,1.633887119,1000_GGBSGB
-0.00519137,0.01367045,0.082950176,0.006880732,0.083107413,0.3970603,0.497866572,1.600898549,1000_GGBSGB
-0.005654373,0.01265467,0.083322425,0.006942626,0.083508987,0.3956029,0.519667142,1.695995839,1000_GGBSGB
-0.00593074,0.01235042,0.082793617,0.006854783,0.083000723,0.4007097,0.495549494,1.603970581,1000_GGBSGB
-0.005802441,0.012856285,0.083124407,0.006909667,0.083321617,0.3958764,0.51039195,1.718496086,1000_GGBSGB
-0.005541219,0.01307215,0.083019857,0.006892297,0.083199522,0.3888209,0.494789099,1.606477483,1000_GGBSGB
-0.005023002,0.014154695,0.082856378,0.006865179,0.083003445,0.3860023,0.490869123,1.573589942,1000_GGBSGB
-0.005834629,0.01374042,0.082890084,0.006870766,0.083090133,0.3905615,0.515233448,1.717008605,1000_GGBSGB
-0.00571657,0.012730725,0.082500764,0.006806376,0.082693557,0.3812374,0.495721453,1.581911686,1000_GGBSGB
-0.005909112,0.01419306,0.083096495,0.006905028,0.083301274,0.3901653,0.51002291,1.714711141,1000_GGBSGB
-0.005668755,0.01323076,0.083345393,0.006946455,0.083532876,0.3882726,0.506999846,1.652793078,1000_GGBSGB
-0.006179051,0.011664135,0.08314449,0.006913006,0.083368718,0.3987708,0.518427378,1.683917798,1000_GGBSGB
-0.005578444,0.01329546,0.083030936,0.006894136,0.083213063,0.3962538,0.512118359,1.664072563,1000_GGBSGB
-0.004957723,0.013930545,0.082930683,0.006877498,0.083073688,0.3874734,0.495239475,1.620027761,1000_GGBSGB
-0.004920601,0.013604165,0.083274403,0.006934626,0.083414579,0.3882028,0.523040705,1.712293322,1000_GGBSGB
-0.005232886,0.013194755,0.082916474,0.006875142,0.083076383,0.3937571,0.49720522,1.626551869,1000_GGBSGB
-0.005147938,0.01362912,0.082967961,0.006883683,0.083122461,0.3711855,0.490502529,1.472646412,1000_GGBSGB
-0.005514714,0.01293521,0.083105096,0.006906457,0.083282808,0.386245,0.497313083,1.594440071,1000_GGBSGB
-0.005275403,0.013679115,0.082809033,0.006857336,0.082971856,0.38857,0.509736535,1.665310174,1000_GGBSGB
-0.005769441,0.013385465,0.083072824,0.006901094,0.083267869,0.3935176,0.504546044,1.667913569,1000_GGBSGB
-0.006229573,0.012254165,0.082994498,0.006888087,0.083222914,0.396942,0.502020547,1.617880073,1000_GGBSGB
-0.006069967,0.012733195,0.082696489,0.006838709,0.082913925,0.3956463,0.481524536,1.474970278,1000_GGBSGB
-0.006328747,0.012317525,0.083030006,0.006893982,0.0832658,0.395115,0.50986904,1.658721172,1000_GGBSGB
-0.006163364,0.012194575,0.082797012,0.006855345,0.083021055,0.3916337,0.508991488,1.637019883,1000_GGBSGB
-0.005711227,0.01324549,0.083068698,0.006900409,0.08325974,0.3890406,0.49750748,1.575895953,1000_GGBSGB
-0.005449089,0.012775385,0.08297804,0.006885355,0.083151712,0.3968742,0.485322203,1.518521417,1000_GGBSGB
-0.005456559,0.014021695,0.083293342,0.006937781,0.083466807,0.3924269,0.521142843,1.711096841,1000_GGBSGB
-0.005569715,0.013188335,0.082811771,0.006857789,0.082993819,0.3983655,0.511165412,1.653317754,1000_GGBSGB
-0.005753961,0.01336431,0.082649625,0.00683096,0.082844642,0.388071,0.513243001,1.691107126,1000_GGBSGB
-0.004968773,0.012740445,0.08252458,0.006810306,0.082669,0.3867659,0.484727182,1.508561859,1000_GGBSGB
-0.005244255,0.01354932,0.083147008,0.006913425,0.083307162,0.394787,0.508449528,1.632259344,1000_GGBSGB
-0.005411375,0.01306865,0.082972627,0.006884457,0.083143848,0.3946991,0.495814703,1.568078906,1000_GGBSGB
-0.005509768,0.013054115,0.082686744,0.006837098,0.082865074,0.3947251,0.487807599,1.554888634,1000_GGBSGB
-0.005551383,0.013178545,0.082744887,0.006846716,0.082925861,0.3876948,0.518495684,1.734091688,1000_GGBSGB
-0.005814459,0.01264352,0.082826525,0.006860233,0.08302532,0.3827651,0.50663105,1.672902474,1000_GGBSGB
-0.005764789,0.013020355,0.082935916,0.006878366,0.083130977,0.3860676,0.497245003,1.594242197,1000_GGBSGB
-0.005271463,0.0130767,0.082347416,0.006781097,0.082510953,0.3851669,0.496931992,1.631612094,1000_GGBSGB
-0.006009864,0.01245982,0.082964302,0.006883075,0.083176641,0.3957349,0.508827587,1.621177775,1000_GGBSGB
-0.005859092,0.01294278,0.082627058,0.006827231,0.082829501,0.3872353,0.50406984,1.625922079,1000_GGBSGB
-0.005966171,0.0123902,0.082939092,0.006878893,0.083148352,0.3950987,0.500494458,1.58233727,1000_GGBSGB
-0.00560158,0.01227185,0.082459002,0.006799487,0.082644024,0.387352,0.485206549,1.513413764,1000_GGBSGB
-0.006126513,0.012462635,0.083530763,0.006977388,0.083750049,0.3951577,0.513007394,1.648531749,1000_GGBSGB
-0.005638919,0.01323992,0.083143947,0.006912916,0.083329884,0.3922857,0.501227077,1.610692577,1000_GGBSGB
-0.004987046,0.01416469,0.082857907,0.006865433,0.083002803,0.3962052,0.523485828,1.802824643,1000_GGBSGB
-0.005589213,0.01336795,0.082960541,0.006882451,0.083143554,0.3851174,0.514693966,1.69926123,1000_GGBSGB
-0.005378711,0.012192705,0.082487481,0.006804185,0.082657634,0.3813697,0.489036623,1.548359352,1000_GGBSGB
-0.005600124,0.01252856,0.081544858,0.006649564,0.081731962,0.3975831,0.522502505,1.73936258,1000_GGBSGB
-0.006061477,0.010984315,0.082318438,0.006776325,0.082536292,0.3792303,0.49911891,1.638780468,1000_GGBSGB
-0.005001366,0.01353601,0.082056997,0.006733351,0.082204273,0.3901553,0.481596755,1.603174598,1000_GGBSGB
-0.005658895,0.01429794,0.083111259,0.006907481,0.083298627,0.3923602,0.496698162,1.675683421,1000_GGBSGB
-0.005906469,0.012858965,0.083079875,0.006902266,0.083284509,0.3829006,0.507432702,1.691444292,1000_GGBSGB
-0.006093917,0.011713335,0.082657504,0.006832263,0.082876805,0.3878208,0.488952021,1.572190227,1000_GGBSGB
-0.006041005,0.013142545,0.082780121,0.006852548,0.082995215,0.3800015,0.479860112,1.536083326,1000_GGBSGB
-0.005651401,0.011824625,0.082830664,0.006860919,0.083018189,0.3829055,0.50393418,1.625483659,1000_GGBSGB
-0.006102239,0.0116504,0.083004492,0.006889746,0.083223446,0.3862243,0.493262623,1.563680055,1000_GGBSGB
-0.00598301,0.01187577,0.083024554,0.006893077,0.083234798,0.3866862,0.493084598,1.557449362,1000_GGBSGB
-0.005076661,0.013448775,0.083286584,0.006936655,0.083436088,0.3966182,0.489936537,1.574886551,1000_GGBSGB
-0.005511078,0.013379545,0.082926621,0.006876824,0.083104494,0.3821177,0.499540062,1.620918588,1000_GGBSGB
-0.005998635,0.012259705,0.082933963,0.006878042,0.083145573,0.3793214,0.499107408,1.588898945,1000_GGBSGB
-0.006614039,0.011316505,0.082592079,0.006821452,0.08285146,0.3788477,0.477829094,1.442015362,1000_GGBSGB
-0.006318346,0.01270629,0.083080511,0.006902371,0.083315366,0.3997749,0.510594007,1.698535098,1000_GGBSGB
-0.0060091,0.01170657,0.082861096,0.006865961,0.083073656,0.38986,0.499994036,1.594818031,1000_GGBSGB
-0.006161994,0.01173257,0.083185294,0.006919793,0.083408145,0.3916425,0.504539977,1.628728966,1000_GGBSGB
-0.005955913,0.01134863,0.082606989,0.006823915,0.08281639,0.389087,0.479906398,1.487600989,1000_GGBSGB
-0.006166329,0.01225293,0.083093388,0.006904511,0.083316817,0.3866471,0.523807667,1.738177943,1000_GGBSGB
-0.005660689,0.01261851,0.082733288,0.006844797,0.082921678,0.382961,0.485221844,1.531315115,1000_GGBSGB
-0.005411892,0.012383505,0.082422467,0.006793463,0.082594929,0.4014856,0.473328646,1.467591682,1000_GGBSGB
-0.005440585,0.01391225,0.083190074,0.006920588,0.083362723,0.3911998,0.510093152,1.679809888,1000_GGBSGB
-0.005433348,0.01290729,0.082505844,0.006807214,0.08267953,0.3819196,0.492870632,1.553876176,1000_GGBSGB
-0.00581845,0.012322685,0.08272638,0.006843654,0.082925707,0.3906946,0.499168134,1.615520863,1000_GGBSGB
-0.005664805,0.01199486,0.083158385,0.006915317,0.083346043,0.395961,0.507913968,1.612800499,1000_GGBSGB
-0.006276432,0.01249617,0.083235106,0.006928083,0.083466346,0.3901711,0.517835673,1.64958446,1000_GGBSGB
-0.006122663,0.011272795,0.082598222,0.006822466,0.082819807,0.384578,0.489859406,1.516151967,1000_GGBSGB
-0.006469588,0.0117043,0.082916644,0.00687517,0.083163611,0.3914634,0.502417852,1.62160314,1000_GGBSGB
-0.006710564,0.011726885,0.082659595,0.006832609,0.082926512,0.3920851,0.493010348,1.596346941,1000_GGBSGB
-0.006896547,0.01060053,0.082994815,0.006888139,0.083275812,0.393434,0.504698974,1.614408757,1000_GGBSGB
-0.006445838,0.01147548,0.082707634,0.006840553,0.0829534,0.3807085,0.483505297,1.516922721,1000_GGBSGB
-0.006422207,0.01132025,0.08259514,0.006821957,0.082839418,0.3879677,0.499644453,1.697068218,1000_GGBSGB
-0.006006286,0.01090527,0.082149861,0.0067486,0.082364139,0.3880076,0.478584201,1.56265028,1000_GGBSGB
-0.006007604,0.012420675,0.082636554,0.0068288,0.082849609,0.3884588,0.482782466,1.548728508,1000_GGBSGB
-0.005749681,0.012415865,0.082835743,0.00686176,0.083030004,0.3942692,0.494837345,1.605076373,1000_GGBSGB
-0.006131347,0.011986645,0.082633342,0.006828269,0.082855471,0.3895275,0.483290751,1.531772616,1000_GGBSGB
-0.006522601,0.010828245,0.082535486,0.006812107,0.082787797,0.3840798,0.480597256,1.536352616,1000_GGBSGB
-0.006106736,0.01145514,0.082481804,0.006803248,0.082702537,0.3965314,0.487152562,1.525175506,1000_GGBSGB
-0.005819295,0.01269395,0.082444662,0.006797122,0.082644763,0.3914166,0.488761708,1.55666817,1000_GGBSGB
-0.005800395,0.01237442,0.082847765,0.006863752,0.083045523,0.3906712,0.492300858,1.56034214,1000_GGBSGB
-0.005911882,0.01251091,0.082897549,0.006872004,0.083103039,0.3913412,0.48362546,1.512373434,1000_GGBSGB
-0.005897675,0.01216575,0.082529194,0.006811068,0.08273463,0.3890111,0.491518831,1.592403916,1000_GGBSGB
-0.005297316,0.012416945,0.082626591,0.006827154,0.082791194,0.3897702,0.488631609,1.540754592,1000_GGBSGB
-0.005340314,0.012672145,0.082700272,0.006839335,0.082867479,0.3857551,0.486972392,1.570589753,1000_GGBSGB
-0.004750152,0.01280686,0.082688489,0.006837386,0.082819777,0.3798273,0.496370206,1.600711266,1000_GGBSGB
-0.005103455,0.01335225,0.082675758,0.006835281,0.082828086,0.3869084,0.510214881,1.664794952,1000_GGBSGB
-0.005736511,0.012349815,0.082767534,0.006850465,0.082961051,0.3901718,0.506518601,1.69473987,1000_GGBSGB
-0.00587179,0.01285227,0.082491832,0.006804902,0.082695524,0.3811278,0.511134214,1.655618737,1000_GGBSGB
-0.005828548,0.0120198,0.08287573,0.006868387,0.083075389,0.3977477,0.509870535,1.583721432,1000_GGBSGB
-0.00633279,0.01182463,0.082683958,0.006836637,0.082921086,0.3941431,0.492702282,1.523765984,1000_GGBSGB
-0.005994606,-0.00174593,0.025689868,0.000659969,0.026378477,0.08478594,0.044953688,-0.308734813,500_FGBSBOTHFB
-0.006220728,-0.001819979,0.025691284,0.000660042,0.026432158,0.08220448,0.031011844,-0.310785363,500_FGBSBOTHFB
-0.006216286,-0.001828351,0.025728297,0.000661945,0.026467087,0.08588209,0.044351156,-0.292460138,500_FGBSBOTHFB
-0.00644297,-0.001973197,0.025630711,0.000656933,0.026426597,0.08422361,0.028125644,-0.326153372,500_FGBSBOTHFB
-0.005941711,-0.001584994,0.025672158,0.00065906,0.026349253,0.08452345,0.03975847,-0.31783762,500_FGBSBOTHFB
-0.006124168,-0.001731965,0.025686248,0.000659783,0.026404701,0.0830726,0.024662487,-0.318554707,500_FGBSBOTHFB
-0.006741766,-0.002306198,0.025618516,0.000656308,0.026489236,0.07965457,0.029643676,-0.327065547,500_FGBSBOTHFB
-0.006135872,-0.001648707,0.025619822,0.000656375,0.026342819,0.08278857,0.019678337,-0.336383303,500_FGBSBOTHFB
-0.005907986,-0.001469648,0.025612934,0.000656022,0.026283961,0.08475815,0.029468424,-0.306332874,500_FGBSBOTHFB
-0.005494764,-0.000977652,0.025583133,0.000654497,0.026165038,0.08509,0.022772906,-0.306809567,500_FGBSBOTHFB
-0.005664799,-0.001278258,0.025561058,0.000653368,0.026179722,0.08039161,0.027801602,-0.327389873,500_FGBSBOTHFB
-0.005735491,-0.001243267,0.02551738,0.000651137,0.026152496,0.08507606,0.026062541,-0.328153324,500_FGBSBOTHFB
-0.005482721,-0.000927997,0.025580075,0.00065434,0.026159522,0.08500212,0.030450864,-0.310464275,500_FGBSBOTHFB
-0.005894497,-0.001371106,0.025565632,0.000653602,0.02623484,0.08462094,0.019841161,-0.346138583,500_FGBSBOTHFB
-0.005812453,-0.00142075,0.025585393,0.000654612,0.026235797,0.08309436,0.024483302,-0.318858226,500_FGBSBOTHFB
-0.005971278,-0.00167262,0.025603568,0.000655543,0.026289139,0.08395846,0.022272159,-0.307879885,500_FGBSBOTHFB
-0.005769433,-0.001384827,0.025414744,0.000645909,0.026059868,0.08402525,0.03078246,-0.300621684,500_FGBSBOTHFB
-0.00538835,-0.001082667,0.025480676,0.000649265,0.026042656,0.0836864,0.030016585,-0.32971358,500_FGBSBOTHFB
-0.005250655,-0.000877992,0.025506756,0.000650595,0.026040056,0.08214793,0.023930107,-0.344541326,500_FGBSBOTHFB
-0.005344551,-0.000990023,0.025526054,0.000651579,0.026078039,0.08172437,0.028424222,-0.33324732,500_FGBSBOTHFB
-0.006012144,-0.001529071,0.025604542,0.000655593,0.0262994,0.08528456,0.032785408,-0.312862026,500_FGBSBOTHFB
-0.006092226,-0.001701114,0.02550981,0.00065075,0.026225678,0.0797588,0.031217037,-0.318950527,500_FGBSBOTHFB
-0.0059058,-0.001428357,0.025755159,0.000663328,0.026422069,0.08305049,0.042755495,-0.294203097,500_FGBSBOTHFB
-0.005577476,-0.00115233,0.02559977,0.000655348,0.026198787,0.08300554,0.033027687,-0.305688751,500_FGBSBOTHFB
-0.006041677,-0.001655286,0.025636926,0.000657252,0.026337684,0.08535875,0.036791,-0.291378487,500_FGBSBOTHFB
-0.00607647,-0.001799223,0.025719623,0.000661499,0.026426157,0.0847016,0.040377186,-0.277412074,500_FGBSBOTHFB
-0.006081028,-0.001816023,0.025653514,0.000658103,0.026362878,0.08398975,0.034480958,-0.298390792,500_FGBSBOTHFB
-0.005956858,-0.00156173,0.025625941,0.000656689,0.026307657,0.08392374,0.038258363,-0.303196138,500_FGBSBOTHFB
-0.005954234,-0.001536861,0.025645698,0.000657702,0.026326307,0.08377402,0.030417511,-0.32421008,500_FGBSBOTHFB
-0.005759996,-0.001260835,0.025713479,0.000661183,0.026349191,0.08325195,0.028616654,-0.314689163,500_FGBSBOTHFB
-0.005383301,-0.000984774,0.025662032,0.00065854,0.026219066,0.08596816,0.021200292,-0.324616205,500_FGBSBOTHFB
-0.005290266,-0.000839378,0.025595428,0.000655126,0.026134898,0.08519249,0.02761439,-0.323939868,500_FGBSBOTHFB
-0.005352725,-0.000824121,0.02567039,0.000658969,0.026220987,0.08566955,0.031103449,-0.322508566,500_FGBSBOTHFB
-0.005370813,-0.000859545,0.025658427,0.000658355,0.026212977,0.08352826,0.025235125,-0.340331499,500_FGBSBOTHFB
-0.005476278,-0.000938658,0.025624465,0.000656613,0.026201578,0.08302839,0.021399685,-0.359720228,500_FGBSBOTHFB
-0.00569242,-0.001289896,0.02571049,0.000661029,0.026331583,0.08382986,0.02228786,-0.34263579,500_FGBSBOTHFB
-0.005551075,-0.001021526,0.025760367,0.000663597,0.026350142,0.08625548,0.032616793,-0.301697207,500_FGBSBOTHFB
-0.005819343,-0.001313739,0.025751287,0.000663129,0.026399102,0.08717778,0.043165454,-0.267333845,500_FGBSBOTHFB
-0.005743801,-0.001334289,0.025768493,0.000664015,0.026399345,0.08703774,0.02982131,-0.311011841,500_FGBSBOTHFB
-0.005273538,-0.00081012,0.025735391,0.00066231,0.026268607,0.08315194,0.021185191,-0.31307936,500_FGBSBOTHFB
-0.00503657,-0.000677982,0.025632444,0.000657022,0.026121045,0.08296674,0.04219785,-0.296797998,500_FGBSBOTHFB
-0.004971842,-0.000329289,0.025668471,0.00065887,0.026144009,0.08491072,0.025696337,-0.314873008,500_FGBSBOTHFB
-0.004919365,-0.0004451,0.025663642,0.000658623,0.026129338,0.08509583,0.034540486,-0.299958141,500_FGBSBOTHFB
-0.004487669,1.29592E-05,0.025675587,0.000659236,0.026063278,0.08488287,0.037401384,-0.302131995,500_FGBSBOTHFB
-0.005015774,-0.000644711,0.025658887,0.000658378,0.026142993,0.08412226,0.021152162,-0.331296096,500_FGBSBOTHFB
-0.005132196,-0.000843055,0.025602695,0.000655498,0.026110485,0.08266602,0.021991225,-0.348414989,500_FGBSBOTHFB
-0.005161814,-0.000735011,0.025539118,0.000652247,0.026054007,0.08383675,0.017159871,-0.353892723,500_FGBSBOTHFB
-0.005196898,-0.000536305,0.025627624,0.000656775,0.026147709,0.0834986,0.012368031,-0.375955561,500_FGBSBOTHFB
-0.005481094,-0.000943583,0.025627058,0.000656746,0.02620512,0.08826207,0.005697687,-0.376817266,500_FGBSBOTHFB
-0.005474392,-0.000844744,0.025580684,0.000654371,0.026158373,0.08680423,0.031471522,-0.318568072,500_FGBSBOTHFB
-0.006422652,-0.001982262,0.025519155,0.000651227,0.026313461,0.08590891,0.019784657,-0.344828505,500_FGBSBOTHFB
-0.006349046,-0.001876202,0.025698118,0.000660393,0.026469285,0.08192276,0.036540481,-0.324528459,500_FGBSBOTHFB
-0.006084171,-0.001823333,0.025700299,0.000660505,0.026409125,0.08400878,0.037342866,-0.29853007,500_FGBSBOTHFB
-0.005799689,-0.001157119,0.025694667,0.000660216,0.026339546,0.08424103,0.03505475,-0.301698392,500_FGBSBOTHFB
-0.005573209,-0.001175236,0.025708784,0.000660942,0.026304402,0.08544322,0.043659379,-0.279959317,500_FGBSBOTHFB
-0.005381408,-0.000722439,0.025791692,0.000665211,0.026345583,0.08643306,0.042556082,-0.279947638,500_FGBSBOTHFB
-0.005431882,-0.001039386,0.025709675,0.000660987,0.026275693,0.08432809,0.045036542,-0.266000574,500_FGBSBOTHFB
-0.0057537,-0.00134041,0.025811897,0.000666254,0.026443861,0.08399966,0.06026322,-0.254797149,500_FGBSBOTHFB
-0.005662789,-0.001273305,0.025748779,0.000663,0.026362584,0.08546035,0.053415692,-0.246639653,500_FGBSBOTHFB
-0.005807917,-0.001226397,0.025680614,0.000659494,0.026327653,0.08345448,0.026910505,-0.278377083,500_FGBSBOTHFB
-0.006173624,-0.001646898,0.025702565,0.000660622,0.02643208,0.08202913,0.028509795,-0.291056326,500_FGBSBOTHFB
-0.005802595,-0.001232242,0.025651501,0.000658,0.026298085,0.08332904,0.025438098,-0.301309889,500_FGBSBOTHFB
-0.005949153,-0.001552203,0.025680331,0.000659479,0.026358894,0.08390847,0.03227657,-0.294538397,500_FGBSBOTHFB
-0.006181771,-0.001546747,0.025657772,0.000658321,0.026390438,0.08150563,0.036133629,-0.276872507,500_FGBSBOTHFB
-0.006025709,-0.001530877,0.025594581,0.000655083,0.026292809,0.0843932,0.032381341,-0.279821561,500_FGBSBOTHFB
-0.006518054,-0.001793939,0.025725449,0.000661799,0.026536823,0.08528687,0.01982157,-0.310794918,500_FGBSBOTHFB
-0.0060427,-0.00145936,0.025687792,0.000659863,0.026387428,0.08682022,0.043564316,-0.247449053,500_FGBSBOTHFB
-0.005710039,-0.001113064,0.025599652,0.000655342,0.026227214,0.0871403,0.040116693,-0.24835339,500_FGBSBOTHFB
-0.005878795,-0.001342614,0.025644259,0.000657628,0.026307945,0.08605322,0.040219407,-0.261762353,500_FGBSBOTHFB
-0.006170531,-0.001666538,0.025625858,0.000656685,0.026356781,0.08332477,0.054299865,-0.22823163,500_FGBSBOTHFB
-0.00648385,-0.001868145,0.025714418,0.000661231,0.026517747,0.0827687,0.031755453,-0.266869534,500_FGBSBOTHFB
-0.005687075,-0.000890116,0.025705173,0.000660756,0.026325236,0.08224127,0.029486366,-0.29375793,500_FGBSBOTHFB
-0.006461807,-0.001862266,0.025815518,0.000666441,0.026610422,0.08382261,0.042611478,-0.257512765,500_FGBSBOTHFB
-0.005959158,-0.001588629,0.025735583,0.00066232,0.026414976,0.0836983,0.046681831,-0.241392115,500_FGBSBOTHFB
-0.006242364,-0.0017676,0.025747353,0.000662926,0.026491741,0.08647525,0.0371175,-0.258833066,500_FGBSBOTHFB
-0.00603914,-0.001473495,0.025705523,0.000660774,0.026403872,0.08927718,0.03706406,-0.261838229,500_FGBSBOTHFB
-0.005430467,-0.00091776,0.025645497,0.000657692,0.026212615,0.08403256,0.03870229,-0.273023255,500_FGBSBOTHFB
-0.005559979,-0.000936447,0.025701022,0.000660543,0.026294015,0.0830268,0.028076634,-0.300801517,500_FGBSBOTHFB
-0.00579998,-0.001127798,0.025704673,0.00066073,0.026349371,0.08534922,0.03544961,-0.293321008,500_FGBSBOTHFB
-0.005696653,-0.000925675,0.025753688,0.000663252,0.026374672,0.08573531,0.036173379,-0.276284632,500_FGBSBOTHFB
-0.005680401,-0.001040174,0.025717175,0.000661373,0.026335514,0.08491767,0.026668894,-0.302702676,500_FGBSBOTHFB
-0.005769492,-0.001383249,0.02576353,0.000663759,0.026400104,0.08306371,0.039716029,-0.282526338,500_FGBSBOTHFB
-0.005262726,-0.000882569,0.025726948,0.000661876,0.026258167,0.08495581,0.047923106,-0.271138131,500_FGBSBOTHFB
-0.00494224,-0.000632321,0.025784178,0.000664824,0.026252018,0.08553247,0.041527081,-0.271303526,500_FGBSBOTHFB
-0.005001594,-0.000573464,0.025732417,0.000662157,0.026212447,0.0858945,0.037872769,-0.270856882,500_FGBSBOTHFB
-0.00548274,-0.000800947,0.025761412,0.00066365,0.026336852,0.08324978,0.036625952,-0.28827027,500_FGBSBOTHFB
-0.005159787,-0.000570394,0.025770157,0.000664101,0.026280094,0.08553737,0.040836136,-0.270098404,500_FGBSBOTHFB
-0.005751601,-0.001269823,0.025755937,0.000663368,0.026388789,0.0844538,0.027255774,-0.293902744,500_FGBSBOTHFB
-0.005767226,-0.001242938,0.025710448,0.000661027,0.026347815,0.08756869,0.018460322,-0.306310218,500_FGBSBOTHFB
-0.005776993,-0.001204335,0.025744539,0.000662781,0.026383214,0.08563048,0.034300888,-0.276767242,500_FGBSBOTHFB
-0.005897195,-0.001370255,0.02581103,0.000666209,0.026474607,0.08641567,0.043263375,-0.267191139,500_FGBSBOTHFB
-0.006194863,-0.001445679,0.025789725,0.00066511,0.026521784,0.08550328,0.03900018,-0.272090902,500_FGBSBOTHFB
-0.006413092,-0.002075942,0.025709602,0.000660984,0.026495862,0.08377289,0.039805316,-0.289092446,500_FGBSBOTHFB
-0.006123562,-0.001562917,0.025654948,0.000658176,0.026374116,0.08314912,0.025743427,-0.316621297,500_FGBSBOTHFB
-0.005441924,-0.000973059,0.025711497,0.000661081,0.026279553,0.08333281,0.043771299,-0.265490929,500_FGBSBOTHFB
-0.006041459,-0.00191873,0.025723711,0.000661709,0.026422107,0.08365631,0.047319948,-0.287460546,500_FGBSBOTHFB
-0.005800695,-0.001457187,0.025863596,0.000668926,0.026504566,0.08525722,0.044173098,-0.273084927,500_FGBSBOTHFB
-0.005235627,-0.000763555,0.02576831,0.000664006,0.02629328,0.08406837,0.030730102,-0.302190518,500_FGBSBOTHFB
-0.005797417,-0.001295178,0.025795521,0.000665409,0.02643743,0.08961111,0.045823483,-0.28919063,500_FGBSBOTHFB
-0.005692489,-0.001183115,0.025834578,0.000667425,0.026452758,0.0876696,0.051149443,-0.258120287,500_FGBSBOTHFB
-0.006159853,-0.001083128,0.024490667,0.000599793,0.025251997,0.06577041,-0.119821036,-0.714787004,500_FGBSIRFB
-0.00572244,-0.000751822,0.024386466,0.0005947,0.025047424,0.07094457,-0.127579026,-0.730690618,500_FGBSIRFB
-0.005209272,-0.000342612,0.024388214,0.000594785,0.024936898,0.07055168,-0.131285962,-0.730472448,500_FGBSIRFB
-0.004618546,0.000388814,0.024379512,0.000594361,0.024811671,0.06793234,-0.139037528,-0.754168624,500_FGBSIRFB
-0.004610331,0.000317964,0.024370346,0.000593914,0.024801137,0.06641394,-0.139750304,-0.766810951,500_FGBSIRFB
-0.004935434,-4.67007E-05,0.024289962,0.000590002,0.024784849,0.06696208,-0.123963802,-0.738352095,500_FGBSIRFB
-0.005070584,-7.1841E-06,0.024200312,0.000585655,0.024724369,0.06863187,-0.139107498,-0.730032726,500_FGBSIRFB
-0.004548376,0.000132936,0.024163534,0.000583876,0.024586436,0.06751765,-0.121188537,-0.717353764,500_FGBSIRFB
-0.005191221,-0.000593353,0.024088675,0.000580264,0.024640256,0.06803645,-0.126078148,-0.738261778,500_FGBSIRFB
-0.005173292,-0.000302074,0.024122223,0.000581882,0.024669283,0.06611946,-0.143801238,-0.766364105,500_FGBSIRFB
-0.005024012,-0.000372388,0.024277047,0.000589375,0.024789993,0.06615546,-0.125159004,-0.746309781,500_FGBSIRFB
-0.005194055,-0.000457297,0.02442388,0.000596526,0.024968606,0.06857306,-0.134876177,-0.737147795,500_FGBSIRFB
-0.00550925,-0.000789441,0.024328274,0.000591865,0.024942825,0.0704363,-0.12124137,-0.712585806,500_FGBSIRFB
-0.005170696,-0.000442045,0.024305631,0.000590764,0.024848092,0.07224473,-0.122532449,-0.734446643,500_FGBSIRFB
-0.005118915,-0.000593979,0.02424122,0.000587637,0.024774348,0.06591822,-0.125790504,-0.740322469,500_FGBSIRFB
-0.004996846,-0.00013774,0.024253647,0.000588239,0.024761584,0.06852958,-0.128176629,-0.71496176,500_FGBSIRFB
-0.005209202,-0.000444428,0.02427941,0.00058949,0.024830497,0.06850269,-0.127230683,-0.719511101,500_FGBSIRFB
-0.005278113,-0.000614868,0.024441272,0.000597376,0.025003226,0.06423195,-0.123487964,-0.75175975,500_FGBSIRFB
-0.004889943,0.000242648,0.024642042,0.00060723,0.025121059,0.0711985,-0.128158433,-0.72611367,500_FGBSIRFB
-0.005427994,-0.000450214,0.02449911,0.000600206,0.025091756,0.06640344,-0.127985686,-0.718741254,500_FGBSIRFB
-0.005765625,-0.001117764,0.024495467,0.000600028,0.025163408,0.06409995,-0.131779823,-0.758153646,500_FGBSIRFB
-0.006016368,-0.001159766,0.024339558,0.000592414,0.02507067,0.06792366,-0.128108183,-0.732355329,500_FGBSIRFB
-0.005416495,-0.000528601,0.024494826,0.000599997,0.025085089,0.0698442,-0.121514341,-0.720314721,500_FGBSIRFB
-0.005210005,-8.00906E-05,0.024535846,0.000602008,0.025081435,0.07013941,-0.133149476,-0.718844128,500_FGBSIRFB
-0.004907612,4.05945E-05,0.024547455,0.000602578,0.025031753,0.0721287,-0.135781185,-0.718687425,500_FGBSIRFB
-0.005208534,-0.000316214,0.024489513,0.000599736,0.025035812,0.07053371,-0.129933757,-0.723372856,500_FGBSIRFB
-0.005481589,-0.000578258,0.024505165,0.000600503,0.025109314,0.07179613,-0.131898712,-0.683002845,500_FGBSIRFB
-0.005547545,-0.000464123,0.024521326,0.000601295,0.025139556,0.0705345,-0.125268364,-0.670943541,500_FGBSIRFB
-0.005485104,-0.000420514,0.024517841,0.000601125,0.02512245,0.07011451,-0.127174103,-0.693875372,500_FGBSIRFB
-0.005342219,-0.000269055,0.024581925,0.000604271,0.025154255,0.06919214,-0.126072439,-0.690463631,500_FGBSIRFB
-0.005620801,-0.000871718,0.024533721,0.000601903,0.025167904,0.07182657,-0.134925885,-0.745792806,500_FGBSIRFB
-0.005541531,-0.000839843,0.024519828,0.000601222,0.025136769,0.06631659,-0.126353576,-0.737219921,500_FGBSIRFB
-0.005577931,-0.000658677,0.024544285,0.000602422,0.025168666,0.06606814,-0.128009197,-0.715205909,500_FGBSIRFB
-0.005666888,-0.000991879,0.024541187,0.00060227,0.025185511,0.06922812,-0.123128138,-0.726582839,500_FGBSIRFB
-0.005445958,-0.000620328,0.024442279,0.000597425,0.025040179,0.07064875,-0.129039698,-0.722526136,500_FGBSIRFB
-0.006198212,-0.001364558,0.024430614,0.000596855,0.025203172,0.06622424,-0.138766623,-0.758569635,500_FGBSIRFB
-0.005222566,-0.000223316,0.024546695,0.00060254,0.025094659,0.06705116,-0.121466755,-0.689245288,500_FGBSIRFB
-0.005380265,-0.000513041,0.024509539,0.000600718,0.025091661,0.06739733,-0.132728488,-0.733742641,500_FGBSIRFB
-0.005480031,-0.000702933,0.024433596,0.000597001,0.025039139,0.06333888,-0.124719002,-0.748946149,500_FGBSIRFB
-0.005820159,-0.001237104,0.024389775,0.000594861,0.025073148,0.06749183,-0.141653992,-0.762381541,500_FGBSIRFB
-0.005596592,-0.000661646,0.024542286,0.000602324,0.025170859,0.06977328,-0.136533712,-0.733235691,500_FGBSIRFB
-0.005754226,-0.000665611,0.024558736,0.000603131,0.025222391,0.06925475,-0.126546043,-0.712007373,500_FGBSIRFB
-0.005334476,-0.000294035,0.02449614,0.000600061,0.025068791,0.0696642,-0.126484837,-0.702893565,500_FGBSIRFB
-0.00543534,-0.000607683,0.024591046,0.00060472,0.025183102,0.0689867,-0.123625496,-0.722514034,500_FGBSIRFB
-0.004812724,0.000298677,0.02450083,0.000600291,0.024967573,0.07077108,-0.132118537,-0.714693347,500_FGBSIRFB
-0.005055343,-0.000165548,0.024446186,0.000597616,0.024961962,0.06686437,-0.136169772,-0.711732407,500_FGBSIRFB
-0.005286881,-0.000342096,0.02454933,0.00060267,0.025110698,0.06753179,-0.124315432,-0.712500327,500_FGBSIRFB
-0.005331641,-0.000825824,0.024546251,0.000602518,0.025117151,0.06837099,-0.116612198,-0.700883056,500_FGBSIRFB
-0.005610558,-0.000728645,0.024464476,0.000598511,0.025098126,0.06568485,-0.139950714,-0.738986528,500_FGBSIRFB
-0.005635893,-0.000664709,0.024547842,0.000602597,0.025185041,0.06912915,-0.140904336,-0.742483253,500_FGBSIRFB
-0.00586679,-0.00120006,0.024549405,0.000602673,0.025239234,0.06710687,-0.12710793,-0.728423507,500_FGBSIRFB
-0.006023037,-0.000992008,0.024452005,0.000597901,0.025181433,0.06722779,-0.132148435,-0.73719452,500_FGBSIRFB
-0.005975628,-0.001021548,0.024547805,0.000602595,0.0252632,0.06749845,-0.130998817,-0.741434229,500_FGBSIRFB
-0.005899759,-0.001114009,0.024594083,0.000604869,0.025290358,0.07095835,-0.130099083,-0.746166549,500_FGBSIRFB
-0.005605972,-0.000812242,0.024592257,0.000604779,0.025221661,0.06538308,-0.12874673,-0.736395632,500_FGBSIRFB
-0.005214149,-0.000493128,0.024533912,0.000601913,0.025080405,0.06612955,-0.112794906,-0.713193981,500_FGBSIRFB
-0.005114229,-0.00019972,0.024551176,0.00060276,0.025076722,0.06891817,-0.115667503,-0.694730306,500_FGBSIRFB
-0.004798062,-0.000255345,0.024532606,0.000601849,0.024995934,0.06890521,-0.109812766,-0.685629108,500_FGBSIRFB
-0.005712126,-0.000872285,0.024443033,0.000597462,0.025100145,0.07165888,-0.122773208,-0.711147582,500_FGBSIRFB
-0.006629072,-0.001802616,0.024487897,0.000599657,0.025367863,0.06731773,-0.12150409,-0.699870444,500_FGBSIRFB
-0.006383913,-0.001404452,0.024614605,0.000605879,0.025427527,0.06964973,-0.130414036,-0.704793647,500_FGBSIRFB
-0.005937146,-0.001060679,0.024590486,0.000604692,0.02529561,0.06928204,-0.126040426,-0.717998393,500_FGBSIRFB
-0.006207069,-0.00134121,0.024627929,0.000606535,0.025396624,0.07128649,-0.129238824,-0.686796932,500_FGBSIRFB
-0.006555723,-0.00164845,0.024544448,0.00060243,0.025403423,0.066759,-0.133946805,-0.722534006,500_FGBSIRFB
-0.006254525,-0.001481761,0.024486429,0.000599585,0.025271152,0.0681597,-0.126318593,-0.712565825,500_FGBSIRFB
-0.005560479,-0.000854946,0.024516311,0.00060105,0.025137523,0.07065146,-0.139198593,-0.72840781,500_FGBSIRFB
-0.005618875,-0.000807524,0.024612203,0.000605761,0.025243977,0.06997287,-0.126967424,-0.717327966,500_FGBSIRFB
-0.005797137,-0.001060562,0.024600018,0.000605161,0.025272392,0.0688898,-0.12872386,-0.709020309,500_FGBSIRFB
-0.006092936,-0.001105338,0.024634386,0.000606853,0.025375239,0.07141233,-0.126723456,-0.711312749,500_FGBSIRFB
-0.006109202,-0.001535735,0.024598452,0.000605084,0.025344276,0.06734643,-0.118802034,-0.718088059,500_FGBSIRFB
-0.005947954,-0.001054123,0.024539487,0.000602186,0.025248586,0.06676121,-0.131103539,-0.719421901,500_FGBSIRFB
-0.006241672,-0.00159561,0.024571301,0.000603749,0.025350219,0.06855057,-0.111415606,-0.697320003,500_FGBSIRFB
-0.005758406,-0.000812758,0.024605818,0.000605446,0.025269183,0.06939442,-0.122296171,-0.702229363,500_FGBSIRFB
-0.005424876,-0.000561719,0.024567153,0.000603545,0.025157516,0.06819656,-0.125737885,-0.703227517,500_FGBSIRFB
-0.005415591,-0.000790171,0.024551297,0.000602766,0.025140032,0.06917578,-0.11911551,-0.702832308,500_FGBSIRFB
-0.005303545,-0.000587862,0.024532067,0.000601822,0.025097339,0.06946056,-0.118581431,-0.700071264,500_FGBSIRFB
-0.005693048,-0.000940489,0.024570468,0.000603708,0.025219933,0.07202975,-0.111909979,-0.681694306,500_FGBSIRFB
-0.00584933,-0.001066442,0.024589207,0.000604629,0.025273898,0.06867558,-0.11606844,-0.695798195,500_FGBSIRFB
-0.006141455,-0.001263182,0.024537838,0.000602105,0.025293269,0.06755227,-0.112740414,-0.678178907,500_FGBSIRFB
-0.005651489,-0.000980286,0.024461208,0.000598351,0.025104123,0.06779803,-0.128916018,-0.709682571,500_FGBSIRFB
-0.005400299,-0.000466095,0.024553253,0.000602862,0.025138653,0.068427,-0.138487983,-0.739339042,500_FGBSIRFB
-0.005772692,-0.001094062,0.024553749,0.000602887,0.025221756,0.0684089,-0.114639035,-0.704614804,500_FGBSIRFB
-0.005669854,-0.000942823,0.024658897,0.000608061,0.025300874,0.07121928,-0.1231574,-0.71260511,500_FGBSIRFB
-0.006385386,-0.001628152,0.024583981,0.000604372,0.025398258,0.06762386,-0.110477412,-0.691942272,500_FGBSIRFB
-0.006934283,-0.002172991,0.024547173,0.000602564,0.025506361,0.07132779,-0.112669229,-0.702663108,500_FGBSIRFB
-0.006894623,-0.002010931,0.02457061,0.000603715,0.025518171,0.06666507,-0.124944675,-0.710341638,500_FGBSIRFB
-0.006356054,-0.001499376,0.024526035,0.000601526,0.025334806,0.07153579,-0.124401601,-0.718608929,500_FGBSIRFB
-0.006474049,-0.001631665,0.024461093,0.000598345,0.025301884,0.06807438,-0.125610908,-0.724646102,500_FGBSIRFB
-0.00596161,-0.000982102,0.024561562,0.00060327,0.025273256,0.0680925,-0.120397639,-0.717204238,500_FGBSIRFB
-0.005483225,-0.000423124,0.024585519,0.000604448,0.025188087,0.06906261,-0.13187069,-0.709841669,500_FGBSIRFB
-0.005100598,-0.000279915,0.024471863,0.000598872,0.024996301,0.06761303,-0.133153478,-0.7227324,500_FGBSIRFB
-0.005612328,-0.000780503,0.024461169,0.000598349,0.025095297,0.06946557,-0.126057926,-0.723653489,500_FGBSIRFB
-0.005209777,-0.000617101,0.024553711,0.000602885,0.025098863,0.06526563,-0.12488063,-0.714946729,500_FGBSIRFB
-0.005649341,-0.000710662,0.024612532,0.000605777,0.025251095,0.06754772,-0.12801509,-0.718992606,500_FGBSIRFB
-0.00595255,-0.001283753,0.024494554,0.000599983,0.025206007,0.06804783,-0.123720553,-0.736998466,500_FGBSIRFB
-0.006465603,-0.001860753,0.024502667,0.000600381,0.025339917,0.06754547,-0.123038462,-0.727608153,500_FGBSIRFB
-0.005987411,-0.00097641,0.02442669,0.000596663,0.025148349,0.06743184,-0.118293074,-0.720817026,500_FGBSIRFB
-0.006164044,-0.001684354,0.024507116,0.000600599,0.02526897,0.07042815,-0.120920776,-0.715908061,500_FGBSIRFB
-0.00626795,-0.001447141,0.024373845,0.000594084,0.025165432,0.06828436,-0.129375397,-0.730078731,500_FGBSIRFB
-0.006391632,-0.001618492,0.024499654,0.000600233,0.025318229,0.07297339,-0.115438681,-0.705053495,500_FGBSIRFB
-0.006603594,-0.002350275,0.024968532,0.000623428,0.025825548,0.08577195,0.088006646,-0.090079987,500_FGBSORFB
-0.006268735,-0.001994498,0.024906392,0.000620328,0.025681699,0.08544504,0.095757507,-0.079452465,500_FGBSORFB
-0.005972705,-0.001928002,0.024813898,0.00061573,0.02552112,0.08695807,0.106484151,-0.07932702,500_FGBSORFB
-0.005882041,-0.001616295,0.024824646,0.000616263,0.025510512,0.08512817,0.093941745,-0.072071223,500_FGBSORFB
-0.006167167,-0.00204535,0.02479597,0.00061484,0.025549932,0.08491907,0.098715215,-0.071449234,500_FGBSORFB
-0.005450324,-0.001240102,0.024904613,0.00062024,0.025492549,0.08959527,0.09561119,-0.090914609,500_FGBSORFB
-0.005610588,-0.001457794,0.024946776,0.000622342,0.025568425,0.08740175,0.097697877,-0.073163449,500_FGBSORFB
-0.006343835,-0.002231107,0.024977302,0.000623866,0.025768851,0.08356551,0.092697998,-0.10014735,500_FGBSORFB
-0.006364655,-0.002189695,0.024990863,0.000624543,0.025787125,0.08956666,0.092289564,-0.083276091,500_FGBSORFB
-0.00605648,-0.001993351,0.024935642,0.000621786,0.025659137,0.08935498,0.103003887,-0.071361379,500_FGBSORFB
-0.006320679,-0.00245311,0.024987929,0.000624397,0.025773462,0.08121932,0.082929895,-0.144821336,500_FGBSORFB
-0.005786222,-0.001739931,0.024996603,0.00062483,0.025656076,0.08596478,0.089147318,-0.098307817,500_FGBSORFB
-0.006138138,-0.001873747,0.024924455,0.000621228,0.025667672,0.08682755,0.090009253,-0.119499853,500_FGBSORFB
-0.006135678,-0.002106117,0.024963011,0.000623152,0.025704521,0.08519735,0.090694533,-0.109924914,500_FGBSORFB
-0.006736306,-0.002774984,0.025112688,0.000630647,0.025998999,0.08450587,0.102304704,-0.075076425,500_FGBSORFB
-0.006022418,-0.002141188,0.024964379,0.00062322,0.025679051,0.08407464,0.094930259,-0.104716335,500_FGBSORFB
-0.006557427,-0.002654614,0.025010007,0.0006255,0.025853897,0.08497673,0.083353472,-0.149871166,500_FGBSORFB
-0.006219676,-0.002430269,0.025048786,0.000627442,0.025807934,0.08556268,0.116255156,-0.09016,500_FGBSORFB
-0.005156227,-0.001308025,0.024975569,0.000623779,0.025500776,0.09008698,0.103068453,-0.074703065,500_FGBSORFB
-0.004719173,-0.000795755,0.025041988,0.000627101,0.025481272,0.08608235,0.097874843,-0.095144682,500_FGBSORFB
-0.005222151,-0.00121978,0.024971904,0.000623596,0.0255106,0.08800382,0.086395478,-0.111655589,500_FGBSORFB
-0.005161179,-0.001242407,0.025043675,0.000627186,0.025568474,0.08481494,0.095845221,-0.128352579,500_FGBSORFB
-0.005817936,-0.00166576,0.024917522,0.000620883,0.025586236,0.08433872,0.083024686,-0.104945971,500_FGBSORFB
-0.005927554,-0.001852117,0.02500521,0.000625261,0.025696694,0.08661517,0.094251529,-0.096728477,500_FGBSORFB
-0.00609077,-0.001965406,0.024954646,0.000622734,0.025685713,0.09045503,0.094357568,-0.117641898,500_FGBSORFB
-0.005919025,-0.001692315,0.025016719,0.000625836,0.025705928,0.08861528,0.089032475,-0.110324701,500_FGBSORFB
-0.005759153,-0.001701219,0.025013725,0.000625686,0.025666669,0.08642361,0.100075507,-0.085599992,500_FGBSORFB
-0.005869357,-0.002003138,0.024910266,0.000620521,0.025590916,0.08589241,0.09972662,-0.084643845,500_FGBSORFB
-0.006086351,-0.002056302,0.024981369,0.000624069,0.025710626,0.08611287,0.08815185,-0.084275417,500_FGBSORFB
-0.006806001,-0.002718596,0.024906723,0.000620345,0.025818419,0.08495549,0.102003995,-0.085772196,500_FGBSORFB
-0.00677491,-0.002919212,0.024950218,0.000622513,0.025852211,0.08573312,0.099123812,-0.098656493,500_FGBSORFB
-0.006582065,-0.002627509,0.025035818,0.000626792,0.025885116,0.08717699,0.106754432,-0.081405671,500_FGBSORFB
-0.006944892,-0.003109442,0.025011552,0.000625578,0.025956365,0.08726916,0.106384015,-0.086887837,500_FGBSORFB
-0.006783267,-0.002857764,0.02497887,0.000623944,0.02588205,0.08548817,0.097092837,-0.116165511,500_FGBSORFB
-0.006736971,-0.002767926,0.024979773,0.000623989,0.025870826,0.08794681,0.103731004,-0.077969463,500_FGBSORFB
-0.006629694,-0.002591773,0.024971971,0.000623599,0.025835558,0.08584665,0.085578305,-0.117566862,500_FGBSORFB
-0.006007847,-0.002071846,0.02498569,0.000624285,0.025696356,0.08460156,0.084706491,-0.159502975,500_FGBSORFB
-0.005708195,-0.001860752,0.025059849,0.000627996,0.02570025,0.08416835,0.105285048,-0.081039941,500_FGBSORFB
-0.005523239,-0.001435418,0.025101244,0.000630072,0.025700228,0.08390217,0.088648999,-0.132760119,500_FGBSORFB
-0.006259261,-0.002326585,0.024926488,0.00062133,0.025698877,0.08416051,0.088443403,-0.143089255,500_FGBSORFB
-0.00586508,-0.001927671,0.025032678,0.000626635,0.025709097,0.08451834,0.087773175,-0.110594356,500_FGBSORFB
-0.00596543,-0.001951683,0.024964896,0.000623246,0.025666248,0.08475699,0.092584276,-0.12499777,500_FGBSORFB
-0.006116439,-0.002189678,0.024919364,0.000620975,0.025657547,0.08853335,0.093546136,-0.097633168,500_FGBSORFB
-0.005766344,-0.001783446,0.024912228,0.000620619,0.025569397,0.08621567,0.091184921,-0.115485352,500_FGBSORFB
-0.005635005,-0.001419936,0.02490921,0.000620469,0.025537155,0.08700594,0.09846214,-0.096908072,500_FGBSORFB
-0.005745862,-0.001598251,0.024902409,0.00062013,0.025555218,0.08823016,0.078746769,-0.160880765,500_FGBSORFB
-0.005870832,-0.001739839,0.024925489,0.00062128,0.025606071,0.08749173,0.091636152,-0.107103547,500_FGBSORFB
-0.006261415,-0.002365963,0.024890452,0.000619535,0.025664456,0.08302677,0.087166873,-0.151473895,500_FGBSORFB
-0.005877162,-0.001944125,0.024898615,0.000619941,0.025581368,0.08832183,0.099773828,-0.087108293,500_FGBSORFB
-0.005776362,-0.00184422,0.024958031,0.000622903,0.025616277,0.08721463,0.090903828,-0.118090668,500_FGBSORFB
-0.006370397,-0.002330194,0.024893204,0.000619672,0.025693928,0.08836316,0.086854459,-0.138704594,500_FGBSORFB
-0.006208256,-0.002143094,0.024944744,0.00062224,0.025704216,0.08414811,0.092040171,-0.127499541,500_FGBSORFB
-0.006828439,-0.002877193,0.024890731,0.000619549,0.025808922,0.08409432,0.082551397,-0.160635932,500_FGBSORFB
-0.006751971,-0.002518098,0.024900972,0.000620058,0.025798679,0.08427921,0.091646825,-0.129735233,500_FGBSORFB
-0.006239769,-0.002250129,0.024819217,0.000615994,0.025590096,0.08524963,0.098037485,-0.120160732,500_FGBSORFB
-0.005942524,-0.00207785,0.024843292,0.000617189,0.025542659,0.08948044,0.093062099,-0.116842227,500_FGBSORFB
-0.006248692,-0.002298218,0.02486802,0.000618418,0.0256396,0.08346006,0.093135188,-0.115899238,500_FGBSORFB
-0.006496177,-0.002733866,0.024882879,0.000619158,0.025715411,0.08474714,0.096335307,-0.104122638,500_FGBSORFB
-0.006343711,-0.00236935,0.024882714,0.000619149,0.02567716,0.08527545,0.093326254,-0.126748159,500_FGBSORFB
-0.006751387,-0.002905434,0.024924661,0.000621239,0.025821389,0.0876019,0.105443879,-0.119868338,500_FGBSORFB
-0.006830706,-0.00288705,0.024576454,0.000604002,0.025506605,0.08683093,0.081872341,-0.129932401,500_FGBSORFB
-0.006377635,-0.002626016,0.02439341,0.000595038,0.025211903,0.0830654,0.086200704,-0.143538632,500_FGBSORFB
-0.007304982,-0.003439829,0.024358833,0.000593353,0.025429178,0.08202515,0.093202513,-0.117761781,500_FGBSORFB
-0.007206046,-0.003423753,0.024276829,0.000589364,0.025322314,0.07941205,0.081167408,-0.159434126,500_FGBSORFB
-0.006594222,-0.002847668,0.024366138,0.000593709,0.025241235,0.08489775,0.074036386,-0.186815805,500_FGBSORFB
-0.006548921,-0.002548129,0.024530806,0.00060176,0.025388489,0.08254867,0.082745445,-0.130102448,500_FGBSORFB
-0.007243477,-0.003474719,0.024477007,0.000599124,0.025524865,0.07783389,0.074738391,-0.189435477,500_FGBSORFB
-0.006951027,-0.003046244,0.024506069,0.000600547,0.025471374,0.08209142,0.091032611,-0.121691274,500_FGBSORFB
-0.006951617,-0.002940396,0.024509478,0.000600715,0.025474815,0.08615597,0.094761519,-0.05582301,500_FGBSORFB
-0.007234641,-0.003375611,0.024332551,0.000592073,0.025383869,0.07974752,0.096898948,-0.087229622,500_FGBSORFB
-0.00682073,-0.003128321,0.024406296,0.000595667,0.025340026,0.08242606,0.09338811,-0.142886023,500_FGBSORFB
-0.006618914,-0.002784997,0.024396934,0.00059521,0.025277416,0.08197598,0.095804642,-0.074396747,500_FGBSORFB
-0.007046136,-0.003225505,0.024438514,0.000597241,0.025432579,0.08192521,0.075260545,-0.193833265,500_FGBSORFB
-0.007273191,-0.003323742,0.024513455,0.000600909,0.025568251,0.08072493,0.080088345,-0.121607627,500_FGBSORFB
-0.007016082,-0.003211429,0.024455296,0.000598061,0.025440399,0.08183583,0.066847732,-0.193702289,500_FGBSORFB
-0.006686371,-0.002683059,0.024488187,0.000599671,0.025383177,0.08262651,0.089383308,-0.093810852,500_FGBSORFB
-0.006805096,-0.002824294,0.024478577,0.000599201,0.025405451,0.0841951,0.081781263,-0.15427164,500_FGBSORFB
-0.007137407,-0.00331471,0.024455231,0.000598058,0.025474063,0.08059074,0.072358919,-0.211098768,500_FGBSORFB
-0.006886238,-0.002969616,0.024573514,0.000603858,0.025518702,0.08340316,0.087800815,-0.126823019,500_FGBSORFB
-0.00716321,-0.003184418,0.024723258,0.000611239,0.025738618,0.08346938,0.088791142,-0.083745088,500_FGBSORFB
-0.006863496,-0.002566643,0.024760996,0.000613107,0.025693183,0.0866119,0.094810295,-0.067173879,500_FGBSORFB
-0.006803355,-0.002652552,0.024938493,0.000621928,0.025848369,0.0846595,0.10376443,-0.041939896,500_FGBSORFB
-0.006887472,-0.002775648,0.024890725,0.000619548,0.025824598,0.0865248,0.085408884,-0.095610815,500_FGBSORFB
-0.006938047,-0.003082399,0.024917444,0.000620879,0.025863869,0.08447051,0.095706347,-0.140977587,500_FGBSORFB
-0.006839033,-0.003237995,0.024847348,0.000617391,0.025769899,0.08304626,0.083065999,-0.187598994,500_FGBSORFB
-0.006871166,-0.002867487,0.024977149,0.000623858,0.025903566,0.08502137,0.093235315,-0.074399655,500_FGBSORFB
-0.006770051,-0.002610269,0.024659543,0.000608093,0.025570538,0.085482,0.072722123,-0.172569124,500_FGBSORFB
-0.006885395,-0.003048949,0.024567341,0.000603554,0.025512531,0.07795508,0.074342132,-0.212073167,500_FGBSORFB
-0.007146717,-0.00301594,0.024541592,0.00060229,0.025559573,0.08277237,0.08521207,-0.099334327,500_FGBSORFB
-0.007166002,-0.003162781,0.024704705,0.000610322,0.025721577,0.0797375,0.055620039,-0.231448221,500_FGBSORFB
-0.006730905,-0.002601596,0.024769772,0.000613542,0.02566655,0.08543461,0.080057498,-0.103069485,500_FGBSORFB
-0.006616396,-0.002577838,0.02476911,0.000613509,0.025636119,0.08382414,0.080300159,-0.147761707,500_FGBSORFB
-0.006464319,-0.002529918,0.024835149,0.000616785,0.025661192,0.08526444,0.07583459,-0.165571551,500_FGBSORFB
-0.006265562,-0.002512049,0.024898275,0.000619924,0.025673054,0.08588492,0.080105518,-0.143181042,500_FGBSORFB
-0.00647469,-0.002672815,0.024790005,0.000614544,0.025620128,0.08449573,0.087995146,-0.154272297,500_FGBSORFB
-0.006720571,-0.002616811,0.024771406,0.000613623,0.025665418,0.08049784,0.075246885,-0.171205142,500_FGBSORFB
-0.006426177,-0.002392976,0.024948654,0.000622435,0.025761505,0.0875559,0.074413732,-0.168049951,500_FGBSORFB
-0.006296165,-0.002360993,0.025073906,0.000628701,0.025850836,0.08379449,0.083513418,-0.124537238,500_FGBSORFB
-0.006418331,-0.002397321,0.025001788,0.000625089,0.025811006,0.08601481,0.091126207,-0.135657788,500_FGBSORFB
-0.006985191,-0.003100946,0.024989618,0.000624481,0.025946053,0.0846737,0.073903638,-0.15293748,500_FGBSORFB
-0.004374889,0.015541835,0.083060288,0.006899011,0.083170361,0.3793715,0.345743006,1.103540015,500_GGBSGB
-0.00452424,0.015741175,0.083270116,0.006933912,0.083387856,0.3797016,0.35186323,1.149455721,500_GGBSGB
-0.004305534,0.015145335,0.083293382,0.006937787,0.08339951,0.3750717,0.347815381,1.132427182,500_GGBSGB
-0.004642835,0.015275655,0.083418141,0.006958586,0.083542162,0.3818878,0.352580182,1.163961404,500_GGBSGB
-0.003997018,0.01574233,0.083547817,0.006980238,0.083638279,0.385934,0.355622653,1.154800377,500_GGBSGB
-0.004018408,0.015807855,0.083397193,0.006955092,0.083488864,0.3835069,0.352701592,1.156193862,500_GGBSGB
-0.004049234,0.016164625,0.083288925,0.006937045,0.08338222,0.3813963,0.351428001,1.148819161,500_GGBSGB
-0.004408739,0.01565812,0.083486404,0.00696998,0.083597642,0.3870913,0.350998581,1.141258491,500_GGBSGB
-0.00449359,0.01553646,0.083526296,0.006976642,0.083641992,0.3824736,0.351753206,1.154749535,500_GGBSGB
-0.004481963,0.01543374,0.083465462,0.006966483,0.083580625,0.3800509,0.359502531,1.179717521,500_GGBSGB
-0.004002622,0.015867395,0.083428341,0.006960288,0.083519216,0.3857336,0.352121338,1.159402111,500_GGBSGB
-0.004617313,0.015124285,0.083454038,0.006964576,0.083576587,0.3846816,0.35322084,1.16372928,500_GGBSGB
-0.004274828,0.015413265,0.083545104,0.006979784,0.083649307,0.3817464,0.358150644,1.159990911,500_GGBSGB
-0.003857794,0.015390865,0.083536062,0.006978274,0.08362,0.3906084,0.36006173,1.171109011,500_GGBSGB
-0.00396358,0.01581195,0.083268052,0.006933569,0.083357256,0.3792217,0.3474921,1.128460733,500_GGBSGB
-0.004061742,0.01574151,0.083378578,0.006951987,0.083472369,0.3826016,0.358054254,1.160256727,500_GGBSGB
-0.004092098,0.016082595,0.083505726,0.006973206,0.08360084,0.3843297,0.355152811,1.159000047,500_GGBSGB
-0.004347067,0.015328915,0.083587168,0.006986815,0.083695034,0.3888042,0.358941906,1.188189202,500_GGBSGB
-0.004148157,0.015544325,0.08361267,0.006991079,0.083710408,0.3843494,0.366543507,1.221921091,500_GGBSGB
-0.004009758,0.015847815,0.083588466,0.006987032,0.083679489,0.3859779,0.366397235,1.199313384,500_GGBSGB
-0.004035879,0.01603997,0.08349182,0.006970884,0.083584217,0.3842303,0.363584132,1.201814816,500_GGBSGB
-0.004138402,0.01461229,0.08348947,0.006970492,0.083586883,0.3805617,0.360783348,1.156814405,500_GGBSGB
-0.004018837,0.01488119,0.083562232,0.006982647,0.083653723,0.3816783,0.359342413,1.165580193,500_GGBSGB
-0.004741373,0.01384618,0.08351631,0.006974974,0.0836457,0.3866789,0.348441946,1.11757456,500_GGBSGB
-0.004421706,0.0143764,0.083736447,0.007011793,0.083848006,0.3838543,0.372723614,1.193770439,500_GGBSGB
-0.004561938,0.014496505,0.083478455,0.006968652,0.083597925,0.3778666,0.355410488,1.133178181,500_GGBSGB
-0.004758223,0.0140624,0.083346137,0.006946578,0.08347677,0.3825476,0.354478569,1.130649241,500_GGBSGB
-0.004116482,0.015072685,0.083552125,0.006980958,0.083648376,0.3797515,0.362759832,1.16407796,500_GGBSGB
-0.00455681,0.01436574,0.083372172,0.006950919,0.083491527,0.3905553,0.35396575,1.134124003,500_GGBSGB
-0.004175244,0.01449563,0.083216502,0.006924986,0.083316106,0.3825093,0.351134209,1.112353694,500_GGBSGB
-0.004304727,0.014513045,0.083156936,0.006915076,0.083263212,0.3767816,0.346868734,1.089987173,500_GGBSGB
-0.004494637,0.015474295,0.083130511,0.006910682,0.083246862,0.3808434,0.342125103,1.095414669,500_GGBSGB
-0.0042479,0.015154565,0.08337465,0.006951332,0.083477712,0.3818001,0.356876768,1.161625577,500_GGBSGB
-0.004151786,0.01524581,0.083458911,0.00696539,0.083557028,0.3838786,0.364130396,1.182739579,500_GGBSGB
-0.004171674,0.01531615,0.083308555,0.006940315,0.083407859,0.3839,0.347491466,1.130810844,500_GGBSGB
-0.004259657,0.0155486,0.083346686,0.00694667,0.083450385,0.3831761,0.353531321,1.155376924,500_GGBSGB
-0.004306982,0.0151539,0.083670682,0.007000783,0.08377636,0.3862971,0.37417985,1.242568335,500_GGBSGB
-0.004928364,0.01462662,0.083419834,0.006958869,0.083560206,0.3786688,0.347393192,1.137109549,500_GGBSGB
-0.005152993,0.014726815,0.083308859,0.006940366,0.083462999,0.3784973,0.355994127,1.15698206,500_GGBSGB
-0.005300346,0.014335575,0.0834895,0.006970497,0.083652492,0.3873924,0.375513267,1.257468326,500_GGBSGB
-0.004809273,0.01429203,0.0834111,0.006957412,0.083544547,0.3839714,0.36057377,1.183085314,500_GGBSGB
-0.004651644,0.01415332,0.083374998,0.00695139,0.083499578,0.3767936,0.356131015,1.157883443,500_GGBSGB
-0.004060009,0.01485893,0.08338607,0.006953237,0.083479767,0.3853237,0.361325961,1.171832171,500_GGBSGB
-0.004178001,0.015082625,0.083349814,0.006947192,0.083449381,0.3834209,0.349267177,1.129794078,500_GGBSGB
-0.004325465,0.01390084,0.083153501,0.006914505,0.083260858,0.3869228,0.352213733,1.136298652,500_GGBSGB
-0.004686485,0.014156045,0.083077588,0.006901886,0.083204605,0.375008,0.346093181,1.097293681,500_GGBSGB
-0.004404324,0.01491401,0.083307112,0.006940075,0.083418378,0.3835035,0.342900396,1.097576226,500_GGBSGB
-0.00464419,0.01411224,0.083340431,0.006945627,0.083464652,0.3850763,0.350652569,1.128868771,500_GGBSGB
-0.004781118,0.01474226,0.083167682,0.006916863,0.083299929,0.383103,0.34788297,1.104828593,500_GGBSGB
-0.005185868,0.014239685,0.08315218,0.006914285,0.083308669,0.3864761,0.339132278,1.1038415,500_GGBSGB
-0.004892151,0.01481514,0.083284635,0.00693633,0.083423119,0.3832255,0.353506461,1.151777293,500_GGBSGB
-0.005031754,0.014658165,0.083295634,0.006938163,0.083442401,0.3843708,0.357678738,1.17281784,500_GGBSGB
-0.005244509,0.014419005,0.08315362,0.006914525,0.083313777,0.3768208,0.335447316,1.081371911,500_GGBSGB
-0.005136561,0.014817185,0.083237538,0.006928488,0.083390804,0.3791798,0.356414713,1.155843248,500_GGBSGB
-0.00488511,0.0143952,0.083323976,0.006942885,0.083461978,0.3813471,0.355540417,1.161368915,500_GGBSGB
-0.004680128,0.015064075,0.083350272,0.006947268,0.083476484,0.3827343,0.354559659,1.172239884,500_GGBSGB
-0.004803299,0.014784295,0.083462128,0.006965927,0.083595145,0.3809955,0.364042302,1.199934018,500_GGBSGB
-0.004303232,0.015142985,0.083406727,0.006956682,0.083512578,0.3829454,0.363065593,1.204495808,500_GGBSGB
-0.004321251,0.01437866,0.083474289,0.006967957,0.083580976,0.3840342,0.355217501,1.143190425,500_GGBSGB
-0.004370198,0.014518115,0.083376802,0.006951691,0.083486173,0.384292,0.363010743,1.178013016,500_GGBSGB
-0.00399604,0.014243405,0.083249643,0.006930503,0.083340419,0.3802884,0.355239523,1.146132123,500_GGBSGB
-0.004134028,0.01421525,0.083334948,0.006944714,0.083432344,0.3820513,0.355213272,1.141068211,500_GGBSGB
-0.003869541,0.015084225,0.083608067,0.006990309,0.083692466,0.3911234,0.3693365,1.201166079,500_GGBSGB
-0.004306131,0.014684935,0.08349058,0.006970677,0.083596464,0.3840234,0.359022169,1.154777038,500_GGBSGB
-0.004747286,0.0139191,0.08348162,0.006969181,0.083611404,0.3814247,0.358392614,1.160055814,500_GGBSGB
-0.004820571,0.01406146,0.083631821,0.006994281,0.08376554,0.3842133,0.369946526,1.207627359,500_GGBSGB
-0.004487806,0.014465605,0.083531127,0.006977449,0.083646505,0.3824204,0.362748813,1.179115866,500_GGBSGB
-0.004744382,0.013876175,0.083460908,0.006965723,0.083590562,0.3833839,0.353892123,1.140444203,500_GGBSGB
-0.004307086,0.013950435,0.083398997,0.006955393,0.083505057,0.3831191,0.368314439,1.181363854,500_GGBSGB
-0.004012634,0.014596115,0.083276029,0.006934897,0.083367569,0.3849182,0.358996977,1.151509068,500_GGBSGB
-0.004392108,0.014329645,0.08324322,0.006929434,0.083353934,0.3851373,0.354007938,1.134023067,500_GGBSGB
-0.004328107,0.014203555,0.083356772,0.006948351,0.083463979,0.3841857,0.363288036,1.172955273,500_GGBSGB
-0.004214693,0.01458907,0.083305507,0.006939808,0.083406978,0.3869858,0.358497704,1.15540344,500_GGBSGB
-0.004319956,0.013777045,0.083161697,0.006915868,0.083268755,0.3853612,0.352684514,1.138584534,500_GGBSGB
-0.005289994,0.01336275,0.083004891,0.006889812,0.083168232,0.3762506,0.353954738,1.111725366,500_GGBSGB
-0.004879002,0.01393525,0.082688879,0.006837451,0.082827657,0.3767056,0.341163456,1.0808344,500_GGBSGB
-0.004868774,0.01407848,0.082852364,0.006864514,0.082990248,0.3752982,0.344311794,1.102580441,500_GGBSGB
-0.005088612,0.013302135,0.083141498,0.006912509,0.08329201,0.3857253,0.365729514,1.168685,500_GGBSGB
-0.004480851,0.014145415,0.08285638,0.00686518,0.082972403,0.3774452,0.345129481,1.101440668,500_GGBSGB
-0.004246749,0.01414712,0.08294725,0.006880246,0.083050836,0.3742674,0.348638562,1.112634119,500_GGBSGB
-0.004607512,0.01370693,0.082970265,0.006884065,0.083093042,0.3774603,0.356818201,1.14969208,500_GGBSGB
-0.004446609,0.01447038,0.082923306,0.006876275,0.083037387,0.3797227,0.343682071,1.092392801,500_GGBSGB
-0.004900391,0.013874315,0.082985199,0.006886543,0.083124704,0.3792494,0.3448664,1.10377763,500_GGBSGB
-0.004763603,0.0137857,0.083115486,0.006908184,0.083246818,0.3865281,0.363112896,1.181452979,500_GGBSGB
-0.004480206,0.014280535,0.083050122,0.006897323,0.083165816,0.3819259,0.353828933,1.140535771,500_GGBSGB
-0.004624127,0.01409657,0.083001478,0.006889245,0.083125128,0.3787957,0.345836875,1.10410341,500_GGBSGB
-0.004057944,0.014621515,0.082953544,0.00688129,0.083047681,0.3853221,0.354119323,1.142582495,500_GGBSGB
-0.004427275,0.014587425,0.082933445,0.006877956,0.083046478,0.3806494,0.346212834,1.100087261,500_GGBSGB
-0.004656883,0.01426523,0.082876338,0.006868487,0.083002022,0.3784888,0.34280197,1.086941376,500_GGBSGB
-0.004922013,0.0136131,0.082917663,0.006875339,0.083058569,0.3765928,0.351525165,1.120487883,500_GGBSGB
-0.005116986,0.013604345,0.082615847,0.006825378,0.082769128,0.3724993,0.338551189,1.050053448,500_GGBSGB
-0.005058027,0.013779895,0.082872351,0.006867827,0.083021515,0.3737303,0.351369455,1.1320548,500_GGBSGB
-0.004521549,0.01436783,0.083042896,0.006896123,0.083160839,0.3853007,0.352239568,1.110619429,500_GGBSGB
-0.004639495,0.01397652,0.082788365,0.006853913,0.082913218,0.3759843,0.339862945,1.063491523,500_GGBSGB
-0.004777133,0.01381935,0.082866128,0.006866795,0.082998662,0.3815974,0.350417642,1.133225793,500_GGBSGB
-0.004186618,0.0145941,0.083021956,0.006892645,0.083122389,0.3852555,0.360838111,1.155615551,500_GGBSGB
-0.004368199,0.01476847,0.082936779,0.006878509,0.083046678,0.3797736,0.351854789,1.12267035,500_GGBSGB
-0.004675339,0.013605895,0.082980845,0.006885821,0.083107393,0.3763303,0.351104495,1.11114759,500_GGBSGB
-0.005058195,0.013611155,0.082942545,0.006879466,0.083091584,0.3867424,0.35587557,1.136870357,500_GGBSGB
-0.004749113,0.0141613,0.082842168,0.006862825,0.082973135,0.3861641,0.347207325,1.096291589,500_GGBSGB
